run_id,status,experiment,dataset,sample_size,seed,fold,model,reduction,feature_count,feature_map,vqc_layers,quantum_condition,preprocessing,backend,shots,noise_strength,accuracy,balanced_accuracy,precision,sensitivity,specificity,f1,mcc,auroc,auprc,training_time_seconds,prediction_time_seconds,circuit_executions,num_qubits,circuit_depth,total_gate_count,two_qubit_gate_count,trainable_parameters,kernel_symmetric_error,kernel_diagonal_max_error,kernel_minimum_eigenvalue,kernel_negative_eigenvalues,converged,error,skip_reason,projected_runtime_seconds
005295d06793b86e,completed,wdbc_feature_kernel_checkpoint,wdbc,100,42,0,linear_svm,pca,2,,,,fold_local_quantum_matched,,,,0.9,0.8958333333333333,0.875,0.875,0.9166666666666666,0.875,0.7916666666666666,0.9895833333333333,0.9861111111111112,0.005666999997629318,0.002188300000852905,,,,,,,,,,,,,,
010c47591799d1a8,completed,heart_phase1_checkpoint,heart,100,42,0,rbf_svm,pca,4,,,,fold_local_quantum_matched,,,,0.6,0.606060606060606,0.5454545454545454,0.6666666666666666,0.5454545454545454,0.6,0.21212121212121213,0.5858585858585859,0.5661425052033927,0.0017398000054527074,0.0004496000037761405,,,,,,,,,,,,,,
04b7f030cf56cf7d,completed,wdbc_phase1_checkpoint,wdbc,200,42,0,rbf_svm,none,full,,,,fold_local_full_feature,,,,0.95,0.9466666666666667,0.9333333333333333,0.9333333333333333,0.96,0.9333333333333333,0.8933333333333333,0.9946666666666666,0.9913888888888889,0.0020183000015094876,0.0006777999951737002,,,,,,,,,,,,,,
04c50365b032fe87,completed,heart_phase1_checkpoint,heart,200,42,0,qksvm,pca,4,angle,,ideal,fold_local_quantum_matched,default.qubit,,0.0,0.725,0.7196969696969697,0.7058823529411765,0.6666666666666666,0.7727272727272727,0.6857142857142857,0.44219443899559935,0.7323232323232324,0.6650841677535567,1647.675774700001,8.170720699999947,19280.0,4.0,,,,0.0,0.0,8.881784197001252e-16,-4.4151328523351015e-15,0.0,,,,
065090c6b81082c8,completed,smoke,iris,full,42,0,random_forest,none,full,,,,fold_local_full_feature,,,,1.0,1.0,1.0,1.0,1.0,1.0,1.0,1.0,1.0,0.6016281000047456,0.09516320000693668,,,,,,,,,,,,,,
0666350bad380d27,completed,wdbc_kernel_noise,wdbc,100,42,0,qksvm,pca,4,angle,,ideal,fold_local_quantum_matched,default.qubit,,0.0,0.9,0.8958333333333333,0.875,0.875,0.9166666666666666,0.875,0.7916666666666666,0.9895833333333333,0.9861111111111112,3.200997700005246,1.7593675000025542,4840.0,4.0,2.0,8.0,0.0,0.0,0.0,6.661338147750939e-16,4.1596076122832306e-08,0.0,,,,
0760c8593e6343d7,completed,heart_phase1_checkpoint,heart,100,42,0,logistic_regression,none,full,,,,fold_local_full_feature,,,,0.75,0.7424242424242424,0.75,0.6666666666666666,0.8181818181818182,0.7058823529411765,0.4923659639173309,0.7777777777777778,0.8191058454216349,0.0017979000040213577,0.00030729999707546085,,,,,,,,,,,,,,
0aba42cd99fb4cfb,completed,wdbc_feature_kernel_checkpoint,wdbc,100,42,0,qksvm,mutual_info,8,angle,,ideal,fold_local_quantum_matched,default.qubit,,0.0,0.8,0.7916666666666667,0.75,0.75,0.8333333333333334,0.75,0.5833333333333334,0.9583333333333334,0.9472222222222222,15.842622699994536,7.766116599996167,4840.0,8.0,2.0,16.0,0.0,0.0,0.0,1.3322676295501878e-15,3.147343847386669e-05,0.0,,,,
0b4bef32baf81c0c,completed,wdbc_feature_kernel_checkpoint,wdbc,100,42,0,logistic_regression,pca,8,,,,fold_local_quantum_matched,,,,0.9,0.8958333333333333,0.875,0.875,0.9166666666666666,0.875,0.7916666666666666,0.9583333333333334,0.9583333333333333,0.001732500000798609,0.00028649999876506627,,,,,,,,,,,,,,
0db7b1d2f8a64bc2,completed,wdbc_phase1_checkpoint,wdbc,100,42,0,linear_svm,none,full,,,,fold_local_full_feature,,,,0.95,0.9375,1.0,0.875,1.0,0.9333333333333333,0.898717034272917,0.96875,0.9659090909090909,0.002651399998285342,0.0008674999990034848,,,,,,,,,,,,,,
0e9f3ca18b439673,completed,wdbc_feature_kernel_checkpoint,wdbc,100,42,0,linear_svm,mutual_info,4,,,,fold_local_quantum_matched,,,,0.8,0.7916666666666667,0.75,0.75,0.8333333333333334,0.75,0.5833333333333334,0.9583333333333334,0.9472222222222222,0.006250999998883344,0.001066299999365583,,,,,,,,,,,,,,
13aeb43ee3a35fa4,completed,heart_phase1_checkpoint,heart,50,42,0,qksvm,pca,4,angle,,ideal,fold_local_quantum_matched,default.qubit,,0.0,0.7,0.7,0.6666666666666666,0.8,0.6,0.7272727272727273,0.408248290463863,0.76,0.7683333333333333,1.1709034000014071,0.5731426999991527,1220.0,4.0,,,,0.0,0.0,4.440892098500626e-16,0.002139534434032975,0.0,,,,
140233816b2c10b4,completed,wdbc_phase1_checkpoint,wdbc,50,42,0,linear_svm,none,full,,,,fold_local_full_feature,,,,1.0,1.0,1.0,1.0,1.0,1.0,1.0,1.0,1.0,0.0053410999971674755,0.0005216999998083338,,,,,,,,,,,,,,
146cb033797d2a09,completed,heart_phase1_checkpoint,heart,200,42,0,rbf_svm,none,full,,,,fold_local_full_feature,,,,0.7,0.702020202020202,0.65,0.7222222222222222,0.6818181818181818,0.6842105263157895,0.40201512610368484,0.7853535353535354,0.7003427314514863,0.003393599996343255,0.0009447999982512556,,,,,,,,,,,,,,
14a7822a9e45b2b3,completed,wdbc_phase1_checkpoint,wdbc,200,42,0,logistic_regression,pca,4,,,,fold_local_quantum_matched,,,,0.925,0.9,1.0,0.8,1.0,0.8888888888888888,0.8451542547285166,0.976,0.975,0.004128700005821884,0.0007432999991578981,,,,,,,,,,,,,,
16724d6028e974ef,completed,heart_phase1_checkpoint,heart,50,42,0,random_forest,pca,4,,,,fold_local_quantum_matched,,,,0.6,0.6,0.6,0.6,0.6,0.6,0.2,0.76,0.8444444444444443,0.7461545999976806,0.14623009999922942,,,,,,,,,,,,,,
1815d7d8973d0b5a,completed,wdbc_feature_kernel_checkpoint,wdbc,100,42,0,rbf_svm,mutual_info,4,,,,fold_local_quantum_matched,,,,0.8,0.7916666666666667,0.75,0.75,0.8333333333333334,0.75,0.5833333333333334,0.9583333333333334,0.9472222222222222,0.002710000000661239,0.0005917999951634556,,,,,,,,,,,,,,
1a1effe7f33bf3c6,completed,wdbc_feature_kernel_checkpoint,wdbc,100,42,0,random_forest,pca,2,,,,fold_local_quantum_matched,,,,0.9,0.8958333333333333,0.875,0.875,0.9166666666666666,0.875,0.7916666666666666,0.9791666666666667,0.975,1.2925036999949953,0.24591659999714466,,,,,,,,,,,,,,
1d12d3321a907672,completed,wdbc_kernel_noise,wdbc,100,42,0,qksvm,pca,4,angle,,finite_shot,fold_local_quantum_matched,default.qubit,1024.0,0.0,0.9,0.8958333333333333,0.875,0.875,0.9166666666666666,0.875,0.7916666666666666,0.9895833333333333,0.9861111111111112,7.3458125999968615,3.710266199996113,4840.0,4.0,2.0,8.0,0.0,0.0,0.0,0.0,-0.11904977559109127,20.0,,,,
1e6709ddf5771902,completed,heart_phase1_checkpoint,heart,200,42,0,logistic_regression,none,full,,,,fold_local_full_feature,,,,0.725,0.7196969696969697,0.7058823529411765,0.6666666666666666,0.7727272727272727,0.6857142857142857,0.44219443899559935,0.7929292929292929,0.6899452753917801,0.002720100004808046,0.000284100002318155,,,,,,,,,,,,,,
1ef40f51598364f3,completed,wdbc_feature_kernel_checkpoint,wdbc,100,42,0,qksvm,mutual_info,2,iqp,,ideal,fold_local_quantum_matched,default.qubit,,0.0,0.55,0.5208333333333333,0.42857142857142855,0.375,0.6666666666666666,0.4,0.04279604925109129,0.53125,0.4489857456140351,10.885742300000857,6.632051499997033,4840.0,2.0,6.0,10.0,2.0,0.0,0.0,1.3322676295501878e-15,-9.081184805718016e-15,0.0,,,,
1f21b0f08a2cbcf4,completed,wdbc_feature_kernel_checkpoint,wdbc,100,42,0,rbf_svm,mutual_info,8,,,,fold_local_quantum_matched,,,,0.9,0.9166666666666667,0.8,1.0,0.8333333333333334,0.8888888888888888,0.816496580927726,0.9583333333333334,0.9472222222222222,0.004032299999380484,0.0017296000005444512,,,,,,,,,,,,,,
1f5dc5b621f67af0,completed,wdbc_feature_kernel_checkpoint,wdbc,100,42,0,random_forest,pca,4,,,,fold_local_quantum_matched,,,,0.85,0.8541666666666667,0.7777777777777778,0.875,0.8333333333333334,0.8235294117647058,0.6975184488828855,0.96875,0.959375,1.2993538000009721,0.2620651999968686,,,,,,,,,,,,,,
2322dd56de162106,completed,wdbc_phase1_checkpoint,wdbc,200,42,0,linear_svm,pca,4,,,,fold_local_quantum_matched,,,,0.95,0.9333333333333333,1.0,0.8666666666666667,1.0,0.9285714285714286,0.8958064164776166,0.9973333333333333,0.9958333333333333,0.0018563999983598478,0.00041039999632630497,,,,,,,,,,,,,,
2636e254301b2d52,completed,wdbc_feature_kernel_checkpoint,wdbc,100,42,0,qksvm,mutual_info,8,iqp,,ideal,fold_local_quantum_matched,default.qubit,,0.0,0.85,0.8333333333333333,0.8571428571428571,0.75,0.9166666666666666,0.8,0.6847367880174606,0.9479166666666667,0.9293650793650794,55.03451640000276,29.168663699994795,4840.0,8.0,30.0,88.0,56.0,0.0,0.0,5.10702591327572e-15,0.046167971716748316,0.0,,,,
276f4e17c9f1c0d5,completed,wdbc_feature_kernel_checkpoint,wdbc,100,42,0,rbf_svm,pca,4,,,,fold_local_quantum_matched,,,,0.9,0.8958333333333333,0.875,0.875,0.9166666666666666,0.875,0.7916666666666666,0.9791666666666666,0.9704861111111112,0.0034334999945713207,0.000639599995338358,,,,,,,,,,,,,,
288c8b1259c1e7b6,completed,wdbc_feature_kernel_checkpoint,wdbc,100,42,0,qksvm,pca,2,iqp,,ideal,fold_local_quantum_matched,default.qubit,,0.0,0.85,0.8333333333333333,0.8571428571428571,0.75,0.9166666666666666,0.8,0.6847367880174606,0.9166666666666666,0.9260416666666667,11.977236899998388,4.969745299997157,4840.0,2.0,6.0,10.0,2.0,0.0,0.0,1.3322676295501878e-15,-6.469790063037484e-15,0.0,,,,
28ff4fbb5dad5116,completed,wdbc_feature_kernel_checkpoint,wdbc,100,42,0,rbf_svm,pca,2,,,,fold_local_quantum_matched,,,,0.9,0.8958333333333333,0.875,0.875,0.9166666666666666,0.875,0.7916666666666666,0.9791666666666667,0.975,0.00283839999610791,0.0015284999972209334,,,,,,,,,,,,,,
294227eed69dcf38,completed,wdbc_phase1_checkpoint,wdbc,50,42,0,random_forest,none,full,,,,fold_local_full_feature,,,,1.0,1.0,1.0,1.0,1.0,1.0,1.0,1.0,1.0,0.7503308000013931,0.1465055999942706,,,,,,,,,,,,,,
2a9ecfbd82d1ea71,completed,wdbc_phase1_checkpoint,wdbc,50,42,0,linear_svm,pca,4,,,,fold_local_quantum_matched,,,,1.0,1.0,1.0,1.0,1.0,1.0,1.0,1.0,1.0,0.0016355999978259206,0.00035119999665766954,,,,,,,,,,,,,,
2be6b1a0e54a0947,completed,heart_phase1_checkpoint,heart,50,42,0,rbf_svm,none,full,,,,fold_local_full_feature,,,,0.7,0.7,0.6666666666666666,0.8,0.6,0.7272727272727273,0.408248290463863,0.6,0.6866666666666665,0.0028414000043994747,0.0007444000002578832,,,,,,,,,,,,,,
2d1240bf1cd3f252,completed,heart_phase1_checkpoint,heart,200,42,0,logistic_regression,pca,4,,,,fold_local_quantum_matched,,,,0.725,0.7247474747474747,0.6842105263157895,0.7222222222222222,0.7272727272727273,0.7027027027027027,0.447801930486707,0.7853535353535354,0.7985908659725873,0.0033309999998891726,0.0006461999946623109,,,,,,,,,,,,,,
312ff6998bfcaf21,completed,heart_phase1_checkpoint,heart,100,42,0,qksvm,pca,4,angle,,ideal,fold_local_quantum_matched,default.qubit,,0.0,0.55,0.5505050505050505,0.5,0.5555555555555556,0.5454545454545454,0.5263157894736842,0.10050378152592121,0.5555555555555556,0.5853716783541345,5.07079359999625,4.148724500002572,4840.0,4.0,,,,0.0,0.0,8.881784197001252e-16,4.718663716223641e-08,0.0,,,,
313bb0bbfa681fa0,completed,wdbc_phase1_checkpoint,wdbc,50,42,0,rbf_svm,pca,4,,,,fold_local_quantum_matched,,,,1.0,1.0,1.0,1.0,1.0,1.0,1.0,1.0,1.0,0.0041438999978709035,0.0005288000029395334,,,,,,,,,,,,,,
3355b9dc8f9f2213,completed,smoke,iris,full,42,0,rbf_svm,pca,2,,,,fold_local_quantum_matched,,,,1.0,1.0,1.0,1.0,1.0,1.0,1.0,1.0,1.0,0.0017322999992757104,0.0003665000040200539,,,,,,,,,,,,,,
34f5bf10d5673b3e,completed,wdbc_phase1_checkpoint,wdbc,100,42,0,qksvm,pca,4,angle,,ideal,fold_local_quantum_matched,default.qubit,,0.0,0.9,0.8958333333333333,0.875,0.875,0.9166666666666666,0.875,0.7916666666666666,0.9895833333333333,0.9861111111111112,4.518293699999049,2.1418284000028507,4840.0,4.0,,,,0.0,0.0,6.661338147750939e-16,4.1596076122832306e-08,0.0,,,,
36b32c6c4fbf2859,completed,wdbc_feature_kernel_checkpoint,wdbc,100,42,0,linear_svm,mutual_info,2,,,,fold_local_quantum_matched,,,,0.75,0.75,0.6666666666666666,0.75,0.75,0.7058823529411765,0.4923659639173309,0.9375,0.928409090909091,0.00495299999602139,0.0011770999990403652,,,,,,,,,,,,,,
3840cd6481ae5c20,completed,wdbc_feature_kernel_checkpoint,wdbc,100,42,0,random_forest,mutual_info,2,,,,fold_local_quantum_matched,,,,0.75,0.7708333333333333,0.6363636363636364,0.875,0.6666666666666666,0.7368421052631579,0.5333964609104418,0.9375,0.9248511904761905,1.215308200000436,0.2490923000004841,,,,,,,,,,,,,,
398b4b193d61a777,completed,wdbc_feature_kernel_checkpoint,wdbc,100,42,0,logistic_regression,pca,2,,,,fold_local_quantum_matched,,,,0.95,0.9375,1.0,0.875,1.0,0.9333333333333333,0.898717034272917,0.9895833333333333,0.9861111111111112,0.003775999997742474,0.0004916999969282188,,,,,,,,,,,,,,
3a2372eebeed7c1b,completed,wdbc_feature_kernel_checkpoint,wdbc,100,42,0,random_forest,pca,6,,,,fold_local_quantum_matched,,,,0.85,0.8541666666666667,0.7777777777777778,0.875,0.8333333333333334,0.8235294117647058,0.6975184488828855,0.96875,0.959375,1.2058739999993122,0.19241269999474753,,,,,,,,,,,,,,
3b5ee0974234e8f7,completed,wdbc_phase1_checkpoint,wdbc,200,42,0,qksvm,pca,4,angle,,ideal,fold_local_quantum_matched,default.qubit,,0.0,0.925,0.9133333333333333,0.9285714285714286,0.8666666666666667,0.96,0.896551724137931,0.8390645410391885,0.944,0.9535387488328665,19.164903299999423,8.779425600005197,19280.0,4.0,,,,0.0,0.0,8.881784197001252e-16,-9.88501648142817e-15,0.0,,,,
3c0bb9b4635ff1f2,completed,wdbc_feature_kernel_checkpoint,wdbc,100,42,0,qksvm,mutual_info,6,angle,,ideal,fold_local_quantum_matched,default.qubit,,0.0,0.8,0.7916666666666667,0.75,0.75,0.8333333333333334,0.75,0.5833333333333334,0.9583333333333334,0.9472222222222222,12.280186000003596,12.270674600003986,4840.0,6.0,2.0,12.0,0.0,0.0,0.0,8.881784197001252e-16,6.0441663105132965e-06,0.0,,,,
3d0352dedac047d4,completed,smoke,iris,full,42,0,qksvm,pca,2,angle,,ideal,fold_local_quantum_matched,default.qubit,,0.0,0.98,0.98,1.0,0.96,1.0,0.9795918367346939,0.9607689228305227,0.9984,0.9984615384615385,0.975593299997854,1.9342814000046928,3775.0,2.0,2.0,4.0,0.0,0.0,0.0,4.440892098500626e-16,-3.4753529066703757e-15,0.0,,,,
3da6b4b9f74ce8ca,completed,wdbc_feature_kernel_checkpoint,wdbc,100,42,0,logistic_regression,mutual_info,4,,,,fold_local_quantum_matched,,,,0.8,0.7916666666666667,0.75,0.75,0.8333333333333334,0.75,0.5833333333333334,0.9479166666666667,0.9381313131313131,0.0047121000025072135,0.0008432999966316856,,,,,,,,,,,,,,
406c7f29334f4ee2,completed,wdbc_phase1_checkpoint,wdbc,100,42,0,logistic_regression,pca,4,,,,fold_local_quantum_matched,,,,0.9,0.8958333333333333,0.875,0.875,0.9166666666666666,0.875,0.7916666666666666,0.96875,0.959375,0.002577999999630265,0.0002902999985963106,,,,,,,,,,,,,,
40af8a608d4031ea,completed,wdbc_phase1_checkpoint,wdbc,100,42,0,rbf_svm,pca,4,,,,fold_local_quantum_matched,,,,0.9,0.8958333333333333,0.875,0.875,0.9166666666666666,0.875,0.7916666666666666,0.9791666666666666,0.9704861111111112,0.0021968000000924803,0.0004745999976876192,,,,,,,,,,,,,,
4593b21c8e2381c3,completed,wdbc_feature_kernel_checkpoint,wdbc,100,42,0,qksvm,pca,6,iqp,,ideal,fold_local_quantum_matched,default.qubit,,0.0,0.75,0.6875,1.0,0.375,1.0,0.5454545454545454,0.5144957554275266,0.8229166666666666,0.821410533910534,28.3261233000012,6.48856259999593,4840.0,6.0,22.0,54.0,30.0,0.0,0.0,3.552713678800501e-15,0.3783671618724267,0.0,,,,
46e7223483f1d5af,completed,wdbc_phase1_checkpoint,wdbc,50,42,0,qksvm,pca,4,angle,,ideal,fold_local_quantum_matched,default.qubit,,0.0,0.7,0.7083333333333333,0.6,0.75,0.6666666666666666,0.6666666666666666,0.408248290463863,0.7916666666666667,0.8125,1.196480500002508,0.5522908999992069,1220.0,4.0,,,,0.0,0.0,8.881784197001252e-16,0.0057557836778462795,0.0,,,,
496b37daaf749be5,completed,wdbc_feature_kernel_checkpoint,wdbc,100,42,0,random_forest,mutual_info,8,,,,fold_local_quantum_matched,,,,0.85,0.8541666666666667,0.7777777777777778,0.875,0.8333333333333334,0.8235294117647058,0.6975184488828855,0.9583333333333334,0.9472222222222222,1.23574329999974,0.31682010000076843,,,,,,,,,,,,,,
4abcd9390e6e11b6,completed,heart_phase1_checkpoint,heart,200,42,0,random_forest,pca,4,,,,fold_local_quantum_matched,,,,0.625,0.6237373737373737,0.5789473684210527,0.6111111111111112,0.6363636363636364,0.5945945945945946,0.2465426358859398,0.696969696969697,0.6026058586475254,0.7804752000010922,0.14072999999916647,,,,,,,,,,,,,,
53f996c938381123,completed,heart_phase1_checkpoint,heart,50,42,0,logistic_regression,none,full,,,,fold_local_full_feature,,,,0.6,0.6000000000000001,0.5714285714285714,0.8,0.4,0.6666666666666666,0.2182178902359924,0.52,0.6342857142857143,0.002105499996105209,0.00030139999580569565,,,,,,,,,,,,,,
569a0e1a93d09084,completed,wdbc_feature_kernel_checkpoint,wdbc,100,42,0,random_forest,pca,8,,,,fold_local_quantum_matched,,,,0.9,0.8958333333333333,0.875,0.875,0.9166666666666666,0.875,0.7916666666666666,0.96875,0.959375,0.7631295999963186,0.1437514999997802,,,,,,,,,,,,,,
5924756445a3a889,completed,heart_phase1_checkpoint,heart,50,42,0,linear_svm,pca,4,,,,fold_local_quantum_matched,,,,0.8,0.8,0.8,0.8,0.8,0.8,0.6,0.8400000000000001,0.8528571428571428,0.0016915000014705583,0.00036440000258153304,,,,,,,,,,,,,,
5b476a0222edf841,completed,wdbc_feature_kernel_checkpoint,wdbc,100,42,0,logistic_regression,mutual_info,6,,,,fold_local_quantum_matched,,,,0.8,0.7916666666666667,0.75,0.75,0.8333333333333334,0.75,0.5833333333333334,0.9479166666666667,0.9381313131313131,0.008007799995539244,0.0037001000018790364,,,,,,,,,,,,,,
5c1e92a8df08a6e0,completed,heart_phase1_checkpoint,heart,100,42,0,linear_svm,pca,4,,,,fold_local_quantum_matched,,,,0.6,0.606060606060606,0.5454545454545454,0.6666666666666666,0.5454545454545454,0.6,0.21212121212121213,0.6666666666666666,0.6840743134860783,0.0029237000053399242,0.0004120999947190285,,,,,,,,,,,,,,
5ccadba95815b6c2,completed,wdbc_phase1_checkpoint,wdbc,100,42,0,logistic_regression,none,full,,,,fold_local_full_feature,,,,0.85,0.8541666666666667,0.7777777777777778,0.875,0.8333333333333334,0.8235294117647058,0.6975184488828855,0.9583333333333334,0.9472222222222222,0.001786000000720378,0.00028699999529635534,,,,,,,,,,,,,,
5f572a8d2bd0c574,completed,heart_phase1_checkpoint,heart,200,42,0,linear_svm,none,full,,,,fold_local_full_feature,,,,0.7,0.702020202020202,0.65,0.7222222222222222,0.6818181818181818,0.6842105263157895,0.40201512610368484,0.7828282828282829,0.6689807746947927,0.002541399997426197,0.0004826000003959052,,,,,,,,,,,,,,
6260b0330b609b9e,completed,wdbc_feature_kernel_checkpoint,wdbc,100,42,0,logistic_regression,pca,4,,,,fold_local_quantum_matched,,,,0.9,0.8958333333333333,0.875,0.875,0.9166666666666666,0.875,0.7916666666666666,0.96875,0.959375,0.0022548999986611307,0.0003798000034294091,,,,,,,,,,,,,,
63cdde54b071af70,completed,wdbc_phase1_checkpoint,wdbc,50,42,0,vqc,pca,4,angle,1.0,ideal,fold_local_quantum_matched,default.qubit,,0.0,0.5,0.4166666666666667,0.0,0.0,0.8333333333333334,0.0,-0.2721655269759087,0.25,0.3404761904761905,82.9779348000011,0.05581640000309562,40010.0,4.0,,,,13.0,,,,,True,,,
696ce92b10f53d15,completed,heart_phase1_checkpoint,heart,200,42,0,vqc,pca,4,angle,1.0,ideal,fold_local_quantum_matched,default.qubit,,0.0,0.55,0.5050505050505051,0.5,0.05555555555555555,0.9545454545454546,0.1,0.02305714879553582,0.3686868686868686,0.3980192381061628,72.82189199999993,0.1428989000050933,40040.0,4.0,,,,13.0,,,,,True,,,
6e07a229b8b935ce,completed,wdbc_feature_kernel_checkpoint,wdbc,100,42,0,linear_svm,mutual_info,6,,,,fold_local_quantum_matched,,,,0.8,0.7916666666666667,0.75,0.75,0.8333333333333334,0.75,0.5833333333333334,0.9583333333333334,0.9472222222222222,0.002497200002835598,0.0007006000014371239,,,,,,,,,,,,,,
6ed741d631ed789d,completed,wdbc_phase1_checkpoint,wdbc,200,42,0,rbf_svm,pca,4,,,,fold_local_quantum_matched,,,,0.95,0.9333333333333333,1.0,0.8666666666666667,1.0,0.9285714285714286,0.8958064164776166,1.0,1.0,0.001845099999627564,0.000600200000917539,,,,,,,,,,,,,,
70608598ab8bf4e8,completed,wdbc_feature_kernel_checkpoint,wdbc,100,42,0,linear_svm,pca,8,,,,fold_local_quantum_matched,,,,0.9,0.875,1.0,0.75,1.0,0.8571428571428571,0.8017837257372732,0.9791666666666666,0.9704861111111112,0.003707600000780076,0.0004752999957418069,,,,,,,,,,,,,,
7502bae102c02443,completed,heart_phase1_checkpoint,heart,100,42,0,random_forest,none,full,,,,fold_local_full_feature,,,,0.7,0.696969696969697,0.6666666666666666,0.6666666666666666,0.7272727272727273,0.6666666666666666,0.3939393939393939,0.7373737373737373,0.7563352826510723,0.7715202999970643,0.15722689999529393,,,,,,,,,,,,,,
755eb8cb066d85f9,completed,heart_phase1_checkpoint,heart,200,42,0,random_forest,none,full,,,,fold_local_full_feature,,,,0.7,0.702020202020202,0.65,0.7222222222222222,0.6818181818181818,0.6842105263157895,0.40201512610368484,0.8333333333333333,0.8026485443450491,0.7683554999966873,0.1379808999990928,,,,,,,,,,,,,,
7d806ba8302bbde3,completed,wdbc_phase1_checkpoint,wdbc,200,42,0,logistic_regression,none,full,,,,fold_local_full_feature,,,,0.975,0.9666666666666667,1.0,0.9333333333333333,1.0,0.9655172413793104,0.9473309334313418,0.9653333333333334,0.9690476190476189,0.001979699998628348,0.00028469999961089343,,,,,,,,,,,,,,
7e7dec23e7312f92,completed,wdbc_feature_kernel_checkpoint,wdbc,100,42,0,qksvm,mutual_info,2,angle,,ideal,fold_local_quantum_matched,default.qubit,,0.0,0.75,0.75,0.6666666666666666,0.75,0.75,0.7058823529411765,0.4923659639173309,0.8854166666666666,0.8507326007326007,7.325449000003573,3.4310537000055774,4840.0,2.0,2.0,4.0,0.0,0.0,0.0,6.661338147750939e-16,-1.1663300002575937e-14,0.0,,,,
7f9654b25238a68d,completed,wdbc_feature_kernel_checkpoint,wdbc,100,42,0,qksvm,pca,4,iqp,,ideal,fold_local_quantum_matched,default.qubit,,0.0,0.65,0.6041666666666667,0.6,0.375,0.8333333333333334,0.46153846153846156,0.23570226039551584,0.7604166666666666,0.7078869047619047,18.344820999998774,10.387275000000955,4840.0,4.0,14.0,28.0,12.0,0.0,0.0,2.6645352591003757e-15,0.012568754547705268,0.0,,,,
7f9b7d046c09e230,completed,smoke,iris,full,42,0,logistic_regression,pca,2,,,,fold_local_quantum_matched,,,,1.0,1.0,1.0,1.0,1.0,1.0,1.0,1.0,1.0,0.0013917999967816286,0.00022899999748915434,,,,,,,,,,,,,,
8159ff762cb1f6c7,completed,heart_phase1_checkpoint,heart,100,42,0,logistic_regression,pca,4,,,,fold_local_quantum_matched,,,,0.6,0.606060606060606,0.5454545454545454,0.6666666666666666,0.5454545454545454,0.6,0.21212121212121213,0.707070707070707,0.7400404606286959,0.00167420000070706,0.0002961999998660758,,,,,,,,,,,,,,
87d732b5e0cc82d6,completed,smoke,iris,full,42,0,random_forest,pca,2,,,,fold_local_quantum_matched,,,,1.0,1.0,1.0,1.0,1.0,1.0,1.0,1.0,1.0,0.4886480000059237,0.09188750000612345,,,,,,,,,,,,,,
888e17b21c4faae2,completed,wdbc_feature_kernel_checkpoint,wdbc,100,42,0,linear_svm,mutual_info,8,,,,fold_local_quantum_matched,,,,0.8,0.7916666666666667,0.75,0.75,0.8333333333333334,0.75,0.5833333333333334,0.9583333333333334,0.9472222222222222,0.008489100000588223,0.0006986000007600524,,,,,,,,,,,,,,
89ea66bf4c9c3f1d,completed,wdbc_feature_kernel_checkpoint,wdbc,100,42,0,rbf_svm,mutual_info,2,,,,fold_local_quantum_matched,,,,0.75,0.75,0.6666666666666666,0.75,0.75,0.7058823529411765,0.4923659639173309,0.8854166666666667,0.8258928571428572,0.0021704000027966686,0.0005512999996426515,,,,,,,,,,,,,,
8c6096913434e341,completed,wdbc_phase1_checkpoint,wdbc,200,42,0,random_forest,none,full,,,,fold_local_full_feature,,,,0.95,0.9333333333333333,1.0,0.8666666666666667,1.0,0.9285714285714286,0.8958064164776166,0.9946666666666667,0.9921568627450981,0.7733382000005804,0.11939520000305492,,,,,,,,,,,,,,
8c87ac8cb6d8f076,completed,smoke,iris,full,42,0,linear_svm,pca,2,,,,fold_local_quantum_matched,,,,1.0,1.0,1.0,1.0,1.0,1.0,1.0,1.0,1.0,0.0013605999993160367,0.00030029999470571056,,,,,,,,,,,,,,
8cb92b34d3a6fcc4,completed,wdbc_feature_kernel_checkpoint,wdbc,100,42,0,qksvm,pca,8,iqp,,ideal,fold_local_quantum_matched,default.qubit,,0.0,0.7,0.625,1.0,0.25,1.0,0.4,0.408248290463863,0.75,0.7649839743589744,55.54147750000266,29.851324100003694,4840.0,8.0,30.0,88.0,56.0,0.0,0.0,4.884981308350689e-15,0.73542350833157,0.0,,,,
8e216ae200b36f77,completed,wdbc_phase1_checkpoint,wdbc,50,42,0,random_forest,pca,4,,,,fold_local_quantum_matched,,,,0.8,0.7916666666666667,0.75,0.75,0.8333333333333334,0.75,0.5833333333333334,0.9583333333333334,0.95,0.7529152999995858,0.15159439999843016,,,,,,,,,,,,,,
8e2eafb33aa86067,completed,wdbc_phase1_checkpoint,wdbc,200,42,0,linear_svm,none,full,,,,fold_local_full_feature,,,,0.925,0.9,1.0,0.8,1.0,0.8888888888888888,0.8451542547285166,1.0,1.0,0.0038769000020693056,0.0005401999951573089,,,,,,,,,,,,,,
931c5f87e1589a81,completed,wdbc_feature_kernel_checkpoint,wdbc,100,42,0,qksvm,pca,2,angle,,ideal,fold_local_quantum_matched,default.qubit,,0.0,0.95,0.9375,1.0,0.875,1.0,0.9333333333333333,0.898717034272917,0.9895833333333333,0.9861111111111112,7.614066300004197,3.5567225999984657,4840.0,2.0,2.0,4.0,0.0,0.0,0.0,4.440892098500626e-16,-7.708031870461416e-15,0.0,,,,
9385ce634ba6d054,completed,wdbc_feature_kernel_checkpoint,wdbc,100,42,0,qksvm,mutual_info,4,angle,,ideal,fold_local_quantum_matched,default.qubit,,0.0,0.8,0.7916666666666667,0.75,0.75,0.8333333333333334,0.75,0.5833333333333334,0.9583333333333334,0.9472222222222222,10.4791497000042,5.546962400003395,4840.0,4.0,2.0,8.0,0.0,0.0,0.0,8.881784197001252e-16,2.1892464962659926e-12,0.0,,,,
94641d29dadbf0e8,completed,smoke,iris,full,42,0,logistic_regression,none,full,,,,fold_local_full_feature,,,,1.0,1.0,1.0,1.0,1.0,1.0,1.0,1.0,1.0,0.0020686999996542,0.0003045999983442016,,,,,,,,,,,,,,
951607b1165fc27b,completed,smoke,iris,full,42,0,rbf_svm,none,full,,,,fold_local_full_feature,,,,1.0,1.0,1.0,1.0,1.0,1.0,1.0,1.0,1.0,0.0013201999972807243,0.0003479000006336719,,,,,,,,,,,,,,
96f2086aa8bdb62d,completed,heart_phase1_checkpoint,heart,100,42,0,random_forest,pca,4,,,,fold_local_quantum_matched,,,,0.55,0.5505050505050505,0.5,0.5555555555555556,0.5454545454545454,0.5263157894736842,0.10050378152592121,0.5656565656565656,0.5555555555555555,0.7833757000043988,0.15502640000340762,,,,,,,,,,,,,,
973c676f74bf44e9,completed,wdbc_phase1_checkpoint,wdbc,50,42,0,rbf_svm,none,full,,,,fold_local_full_feature,,,,0.9,0.9166666666666667,0.8,1.0,0.8333333333333334,0.8888888888888888,0.816496580927726,1.0,1.0,0.0035360999972908758,0.00041789999522734433,,,,,,,,,,,,,,
983a17ec1136a4cb,completed,wdbc_phase1_checkpoint,wdbc,100,42,0,rbf_svm,none,full,,,,fold_local_full_feature,,,,0.9,0.8958333333333333,0.875,0.875,0.9166666666666666,0.875,0.7916666666666666,0.9791666666666667,0.975,0.004038400002173148,0.0009050000007846393,,,,,,,,,,,,,,
9c6b9a7b9defa603,completed,heart_phase1_checkpoint,heart,50,42,0,random_forest,none,full,,,,fold_local_full_feature,,,,0.5,0.5,0.5,0.6,0.4,0.5454545454545454,0.0,0.52,0.6253968253968254,0.7456604999970295,0.2433757999970112,,,,,,,,,,,,,,
a0b83c3f6f085893,completed,wdbc_kernel_noise,wdbc,100,42,0,qksvm,pca,4,angle,,depolarizing,fold_local_quantum_matched,default.mixed,1024.0,0.01,0.9,0.8958333333333333,0.875,0.875,0.9166666666666666,0.875,0.7916666666666666,0.9895833333333333,0.9861111111111112,16.04830360000051,7.452246900000318,4840.0,4.0,4.0,16.0,0.0,0.0,0.0,0.0751953125,-0.12297504600324288,20.0,,,,
a1418a2911b26121,completed,wdbc_phase1_checkpoint,wdbc,100,42,0,linear_svm,pca,4,,,,fold_local_quantum_matched,,,,0.9,0.9166666666666667,0.8,1.0,0.8333333333333334,0.8888888888888888,0.816496580927726,0.9583333333333334,0.9472222222222222,0.002133400004822761,0.000375000003259629,,,,,,,,,,,,,,
a1e7e0ab5f2ce065,completed,heart_phase1_checkpoint,heart,100,42,0,vqc,pca,4,angle,1.0,ideal,fold_local_quantum_matched,default.qubit,,0.0,0.5,0.48484848484848486,0.42857142857142855,0.3333333333333333,0.6363636363636364,0.375,-0.0316069770620507,0.505050505050505,0.45445665445665445,94.736427799995,0.1556614000000991,40020.0,4.0,,,,13.0,,,,,True,,,
a8399b82126e653c,completed,wdbc_feature_kernel_checkpoint,wdbc,100,42,0,qksvm,mutual_info,6,iqp,,ideal,fold_local_quantum_matched,default.qubit,,0.0,0.85,0.8333333333333333,0.8571428571428571,0.75,0.9166666666666666,0.8,0.6847367880174606,0.9583333333333334,0.9472222222222222,38.304631099999824,18.598342299999786,4840.0,6.0,22.0,54.0,30.0,0.0,0.0,3.552713678800501e-15,0.01937931803027468,0.0,,,,
a8a5567acccdec1e,completed,heart_phase1_checkpoint,heart,50,42,0,vqc,pca,4,angle,1.0,ideal,fold_local_quantum_matched,default.qubit,,0.0,0.8,0.8,1.0,0.6,1.0,0.75,0.6546536707079772,0.8400000000000001,0.911111111111111,91.24547109999548,0.05511739999928977,40010.0,4.0,,,,13.0,,,,,True,,,
ae6134e815ed577f,completed,heart_phase1_checkpoint,heart,200,42,0,linear_svm,pca,4,,,,fold_local_quantum_matched,,,,0.7,0.696969696969697,0.6666666666666666,0.6666666666666666,0.7272727272727273,0.6666666666666666,0.3939393939393939,0.7904040404040404,0.8068600088715031,0.001972300000488758,0.0004282000008970499,,,,,,,,,,,,,,
b631a2468f01edf5,completed,wdbc_feature_kernel_checkpoint,wdbc,100,42,0,qksvm,pca,8,angle,,ideal,fold_local_quantum_matched,default.qubit,,0.0,0.85,0.8333333333333333,0.8571428571428571,0.75,0.9166666666666666,0.8,0.6847367880174606,0.9166666666666667,0.9129464285714286,11.451228699996136,4.0309677999975975,4840.0,8.0,2.0,16.0,0.0,0.0,0.0,1.1102230246251565e-15,0.07168077024082926,0.0,,,,
b90071a75196933e,completed,heart_phase1_checkpoint,heart,100,42,0,linear_svm,none,full,,,,fold_local_full_feature,,,,0.75,0.7424242424242424,0.75,0.6666666666666666,0.8181818181818182,0.7058823529411765,0.4923659639173309,0.7272727272727273,0.7827690884966427,0.0022886000006110407,0.0004326000052969903,,,,,,,,,,,,,,
bdae0f633e64a67d,completed,wdbc_phase1_checkpoint,wdbc,50,42,0,logistic_regression,pca,4,,,,fold_local_quantum_matched,,,,1.0,1.0,1.0,1.0,1.0,1.0,1.0,1.0,1.0,0.0024967999997898005,0.00044689999776892364,,,,,,,,,,,,,,
c23d14cc358ce239,completed,wdbc_feature_kernel_checkpoint,wdbc,100,42,0,rbf_svm,pca,8,,,,fold_local_quantum_matched,,,,0.95,0.9375,1.0,0.875,1.0,0.9333333333333333,0.898717034272917,0.9791666666666667,0.975,0.001720000000204891,0.0004507999983616173,,,,,,,,,,,,,,
c344343fd3c690ca,completed,wdbc_feature_kernel_checkpoint,wdbc,100,42,0,rbf_svm,mutual_info,6,,,,fold_local_quantum_matched,,,,0.8,0.7916666666666667,0.75,0.75,0.8333333333333334,0.75,0.5833333333333334,0.9583333333333334,0.9472222222222222,0.0027415999938966706,0.0008920999971451238,,,,,,,,,,,,,,
c4c8c7941f905bb6,completed,smoke,iris,full,42,0,vqc,pca,2,angle,1.0,ideal,fold_local_quantum_matched,default.qubit,,0.0,0.48,0.48,0.48148148148148145,0.52,0.44,0.5,-0.0401286176952564,0.5391999999999999,0.5570570460702033,0.5365946000019903,0.0933350999985123,570.0,2.0,4.0,6.0,2.0,7.0,,,,,False,,,
c8c18362edc930ea,completed,heart_phase1_checkpoint,heart,50,42,0,logistic_regression,pca,4,,,,fold_local_quantum_matched,,,,0.6,0.6,0.6,0.6,0.6,0.6,0.2,0.76,0.8083333333333333,0.0017981999990297481,0.0003129999968223274,,,,,,,,,,,,,,
cc00f5417159fde8,completed,heart_phase1_checkpoint,heart,100,42,0,rbf_svm,none,full,,,,fold_local_full_feature,,,,0.65,0.6515151515151515,0.6,0.6666666666666666,0.6363636363636364,0.631578947368421,0.30151134457776363,0.7171717171717171,0.7989278752436648,0.0020663999966927804,0.0005575999966822565,,,,,,,,,,,,,,
ccadfe7680af47e2,completed,wdbc_feature_kernel_checkpoint,wdbc,100,42,0,rbf_svm,pca,6,,,,fold_local_quantum_matched,,,,0.85,0.8125,1.0,0.625,1.0,0.7692307692307693,0.7071067811865475,1.0,1.0,0.0026753999991342425,0.0006350000039674342,,,,,,,,,,,,,,
d1cba4a07d4a8020,completed,wdbc_phase1_checkpoint,wdbc,100,42,0,random_forest,pca,4,,,,fold_local_quantum_matched,,,,0.85,0.8541666666666667,0.7777777777777778,0.875,0.8333333333333334,0.8235294117647058,0.6975184488828855,0.96875,0.959375,0.7569402999943122,0.15265099999669474,,,,,,,,,,,,,,
d2049c34872e7d54,completed,smoke,iris,full,42,0,linear_svm,none,full,,,,fold_local_full_feature,,,,1.0,1.0,1.0,1.0,1.0,1.0,1.0,1.0,1.0,0.00181200000224635,0.0008721000049263239,,,,,,,,,,,,,,
d7318d60c477ab09,completed,wdbc_phase1_checkpoint,wdbc,200,42,0,vqc,pca,4,angle,1.0,ideal,fold_local_quantum_matched,default.qubit,,0.0,0.55,0.48,0.3333333333333333,0.2,0.76,0.25,-0.046373889576016826,0.5760000000000001,0.4657950431634642,85.16658859999734,0.15307349999784492,40040.0,4.0,,,,13.0,,,,,True,,,
dbdd790d885b069e,completed,wdbc_feature_kernel_checkpoint,wdbc,100,42,0,logistic_regression,pca,6,,,,fold_local_quantum_matched,,,,0.9,0.875,1.0,0.75,1.0,0.8571428571428571,0.8017837257372732,0.96875,0.9659090909090909,0.012674099998548627,0.0039726999966660514,,,,,,,,,,,,,,
ddf92331c5e5a1aa,completed,wdbc_phase1_checkpoint,wdbc,100,42,0,vqc,pca,4,angle,1.0,ideal,fold_local_quantum_matched,default.qubit,,0.0,0.5,0.4166666666666667,0.0,0.0,0.8333333333333334,0.0,-0.2721655269759087,0.46875,0.3924877297410192,83.53465889999643,0.09702379999362165,40020.0,4.0,,,,13.0,,,,,True,,,
e24fd4c48ad670b0,completed,wdbc_feature_kernel_checkpoint,wdbc,100,42,0,linear_svm,pca,4,,,,fold_local_quantum_matched,,,,0.9,0.9166666666666667,0.8,1.0,0.8333333333333334,0.8888888888888888,0.816496580927726,0.9583333333333334,0.9472222222222222,0.003555499999492895,0.0010231000051135197,,,,,,,,,,,,,,
e61b36b7ca7a5246,completed,wdbc_feature_kernel_checkpoint,wdbc,100,42,0,random_forest,mutual_info,6,,,,fold_local_quantum_matched,,,,0.85,0.8541666666666667,0.7777777777777778,0.875,0.8333333333333334,0.8235294117647058,0.6975184488828855,0.9583333333333333,0.9472222222222222,1.0543720999994548,0.22597490000043763,,,,,,,,,,,,,,
e7043a9b817092e7,completed,wdbc_feature_kernel_checkpoint,wdbc,100,42,0,linear_svm,pca,6,,,,fold_local_quantum_matched,,,,0.9,0.875,1.0,0.75,1.0,0.8571428571428571,0.8017837257372732,0.96875,0.959375,0.004230699996696785,0.0008970000053523108,,,,,,,,,,,,,,
e756787ad17f91d1,completed,wdbc_phase1_checkpoint,wdbc,200,42,0,random_forest,pca,4,,,,fold_local_quantum_matched,,,,0.925,0.9,1.0,0.8,1.0,0.8888888888888888,0.8451542547285166,0.992,0.9888888888888889,0.8259286999964388,0.14716570000018692,,,,,,,,,,,,,,
eade201cfe187747,completed,wdbc_feature_kernel_checkpoint,wdbc,100,42,0,qksvm,pca,4,angle,,ideal,fold_local_quantum_matched,default.qubit,,0.0,0.9,0.8958333333333333,0.875,0.875,0.9166666666666666,0.875,0.7916666666666666,0.9895833333333333,0.9861111111111112,10.098490600001242,5.233287900002324,4840.0,4.0,2.0,8.0,0.0,0.0,0.0,6.661338147750939e-16,4.1596076122832306e-08,0.0,,,,
eb882f46f49eb109,completed,wdbc_phase1_checkpoint,wdbc,50,42,0,logistic_regression,none,full,,,,fold_local_full_feature,,,,1.0,1.0,1.0,1.0,1.0,1.0,1.0,1.0,1.0,0.002125200000591576,0.0011755999948945828,,,,,,,,,,,,,,
ec8df6045957e6ae,completed,wdbc_feature_kernel_checkpoint,wdbc,100,42,0,logistic_regression,mutual_info,8,,,,fold_local_quantum_matched,,,,0.8,0.7916666666666667,0.75,0.75,0.8333333333333334,0.75,0.5833333333333334,0.9583333333333334,0.9472222222222222,0.002912599993578624,0.00047199999971780926,,,,,,,,,,,,,,
ed2089c6383fbb12,completed,heart_phase1_checkpoint,heart,50,42,0,linear_svm,none,full,,,,fold_local_full_feature,,,,0.5,0.5,0.5,0.6,0.4,0.5454545454545454,0.0,0.48,0.62,0.0025033999991137534,0.00039670000114711,,,,,,,,,,,,,,
ee0b4629a24dcb40,completed,heart_phase1_checkpoint,heart,200,42,0,rbf_svm,pca,4,,,,fold_local_quantum_matched,,,,0.75,0.7474747474747474,0.7222222222222222,0.7222222222222222,0.7727272727272727,0.7222222222222222,0.494949494949495,0.7651515151515151,0.6870062137272281,0.002781499999400694,0.0008298000029753894,,,,,,,,,,,,,,
f67fdc0897a344f5,completed,wdbc_feature_kernel_checkpoint,wdbc,100,42,0,random_forest,mutual_info,4,,,,fold_local_quantum_matched,,,,0.85,0.8541666666666667,0.7777777777777778,0.875,0.8333333333333334,0.8235294117647058,0.6975184488828855,0.9583333333333334,0.9472222222222222,1.3766754000025685,0.2862941999992472,,,,,,,,,,,,,,
f8bfa3d098165d1c,completed,wdbc_feature_kernel_checkpoint,wdbc,100,42,0,qksvm,pca,6,angle,,ideal,fold_local_quantum_matched,default.qubit,,0.0,0.9,0.875,1.0,0.75,1.0,0.8571428571428571,0.8017837257372732,0.9375,0.928409090909091,12.950828699998965,7.015625799998816,4840.0,6.0,2.0,12.0,0.0,0.0,0.0,1.1102230246251565e-15,0.009246608340830503,0.0,,,,
fa508d9e1476d7d6,completed,heart_phase1_checkpoint,heart,50,42,0,rbf_svm,pca,4,,,,fold_local_quantum_matched,,,,0.8,0.8,0.8,0.8,0.8,0.8,0.6,0.8400000000000001,0.81,0.003223300001991447,0.0004270999997970648,,,,,,,,,,,,,,
fabf94cad7820014,completed,wdbc_feature_kernel_checkpoint,wdbc,100,42,0,qksvm,mutual_info,4,iqp,,ideal,fold_local_quantum_matched,default.qubit,,0.0,0.8,0.7916666666666667,0.75,0.75,0.8333333333333334,0.75,0.5833333333333334,0.8125,0.6904761904761906,19.224388300004648,10.898947400004545,4840.0,4.0,14.0,28.0,12.0,0.0,0.0,2.6645352591003757e-15,0.0005626834636708181,0.0,,,,
fc5c72d4c39ed4e2,completed,wdbc_feature_kernel_checkpoint,wdbc,100,42,0,logistic_regression,mutual_info,2,,,,fold_local_quantum_matched,,,,0.75,0.75,0.6666666666666666,0.75,0.75,0.7058823529411765,0.4923659639173309,0.9270833333333334,0.9208333333333334,0.003083600000536535,0.0004222999996272847,,,,,,,,,,,,,,
fcd32b37b4983f45,completed,wdbc_phase1_checkpoint,wdbc,100,42,0,random_forest,none,full,,,,fold_local_full_feature,,,,0.9,0.9166666666666667,0.8,1.0,0.8333333333333334,0.8888888888888888,0.816496580927726,0.9583333333333334,0.9472222222222222,0.7559882999994443,0.14466109999921173,,,,,,,,,,,,,,
