experiment,dataset,sample_size,seed,fold,reduction,feature_count,preprocessing,qml_model,qml_feature_map,qml_vqc_layers,quantum_condition,classical_model,qml_accuracy,classical_accuracy,delta_accuracy,qml_balanced_accuracy,classical_balanced_accuracy,delta_balanced_accuracy,qml_precision,classical_precision,delta_precision,qml_sensitivity,classical_sensitivity,delta_sensitivity,qml_specificity,classical_specificity,delta_specificity,qml_f1,classical_f1,delta_f1,qml_mcc,classical_mcc,delta_mcc,qml_auroc,classical_auroc,delta_auroc,qml_auprc,classical_auprc,delta_auprc
heart_phase1_checkpoint,heart,200,42,0,pca,4,fold_local_quantum_matched,qksvm,angle,,ideal,logistic_regression,0.725,0.725,0.0,0.7196969696969697,0.7247474747474747,-0.005050505050504972,0.7058823529411765,0.6842105263157895,0.021671826625387025,0.6666666666666666,0.7222222222222222,-0.05555555555555558,0.7727272727272727,0.7272727272727273,0.045454545454545414,0.6857142857142857,0.7027027027027027,-0.01698841698841702,0.44219443899559935,0.447801930486707,-0.0056074914911076745,0.7323232323232324,0.7853535353535354,-0.05303030303030298,0.6650841677535567,0.7985908659725873,-0.1335066982190306
heart_phase1_checkpoint,heart,200,42,0,pca,4,fold_local_quantum_matched,qksvm,angle,,ideal,random_forest,0.725,0.625,0.09999999999999998,0.7196969696969697,0.6237373737373737,0.09595959595959602,0.7058823529411765,0.5789473684210527,0.12693498452012386,0.6666666666666666,0.6111111111111112,0.05555555555555547,0.7727272727272727,0.6363636363636364,0.13636363636363635,0.6857142857142857,0.5945945945945946,0.09111969111969109,0.44219443899559935,0.2465426358859398,0.19565180310965954,0.7323232323232324,0.696969696969697,0.03535353535353536,0.6650841677535567,0.6026058586475254,0.06247830910603136
heart_phase1_checkpoint,heart,200,42,0,pca,4,fold_local_quantum_matched,qksvm,angle,,ideal,linear_svm,0.725,0.7,0.025000000000000022,0.7196969696969697,0.696969696969697,0.022727272727272707,0.7058823529411765,0.6666666666666666,0.03921568627450989,0.6666666666666666,0.6666666666666666,0.0,0.7727272727272727,0.7272727272727273,0.045454545454545414,0.6857142857142857,0.6666666666666666,0.01904761904761909,0.44219443899559935,0.3939393939393939,0.048255045056205426,0.7323232323232324,0.7904040404040404,-0.058080808080808066,0.6650841677535567,0.8068600088715031,-0.1417758411179464
heart_phase1_checkpoint,heart,200,42,0,pca,4,fold_local_quantum_matched,qksvm,angle,,ideal,rbf_svm,0.725,0.75,-0.025000000000000022,0.7196969696969697,0.7474747474747474,-0.02777777777777768,0.7058823529411765,0.7222222222222222,-0.016339869281045694,0.6666666666666666,0.7222222222222222,-0.05555555555555558,0.7727272727272727,0.7727272727272727,0.0,0.6857142857142857,0.7222222222222222,-0.03650793650793649,0.44219443899559935,0.494949494949495,-0.052755055953895624,0.7323232323232324,0.7651515151515151,-0.03282828282828276,0.6650841677535567,0.6870062137272281,-0.021922045973671422
wdbc_feature_kernel_checkpoint,wdbc,100,42,0,mutual_info,8,fold_local_quantum_matched,qksvm,angle,,ideal,rbf_svm,0.8,0.9,-0.09999999999999998,0.7916666666666667,0.9166666666666667,-0.125,0.75,0.8,-0.050000000000000044,0.75,1.0,-0.25,0.8333333333333334,0.8333333333333334,0.0,0.75,0.8888888888888888,-0.13888888888888884,0.5833333333333334,0.816496580927726,-0.23316324759439266,0.9583333333333334,0.9583333333333334,0.0,0.9472222222222222,0.9472222222222222,0.0
wdbc_feature_kernel_checkpoint,wdbc,100,42,0,mutual_info,8,fold_local_quantum_matched,qksvm,angle,,ideal,random_forest,0.8,0.85,-0.04999999999999993,0.7916666666666667,0.8541666666666667,-0.0625,0.75,0.7777777777777778,-0.02777777777777779,0.75,0.875,-0.125,0.8333333333333334,0.8333333333333334,0.0,0.75,0.8235294117647058,-0.07352941176470584,0.5833333333333334,0.6975184488828855,-0.11418511554955213,0.9583333333333334,0.9583333333333334,0.0,0.9472222222222222,0.9472222222222222,0.0
wdbc_feature_kernel_checkpoint,wdbc,100,42,0,mutual_info,8,fold_local_quantum_matched,qksvm,angle,,ideal,linear_svm,0.8,0.8,0.0,0.7916666666666667,0.7916666666666667,0.0,0.75,0.75,0.0,0.75,0.75,0.0,0.8333333333333334,0.8333333333333334,0.0,0.75,0.75,0.0,0.5833333333333334,0.5833333333333334,0.0,0.9583333333333334,0.9583333333333334,0.0,0.9472222222222222,0.9472222222222222,0.0
wdbc_feature_kernel_checkpoint,wdbc,100,42,0,mutual_info,8,fold_local_quantum_matched,qksvm,angle,,ideal,logistic_regression,0.8,0.8,0.0,0.7916666666666667,0.7916666666666667,0.0,0.75,0.75,0.0,0.75,0.75,0.0,0.8333333333333334,0.8333333333333334,0.0,0.75,0.75,0.0,0.5833333333333334,0.5833333333333334,0.0,0.9583333333333334,0.9583333333333334,0.0,0.9472222222222222,0.9472222222222222,0.0
heart_phase1_checkpoint,heart,50,42,0,pca,4,fold_local_quantum_matched,qksvm,angle,,ideal,random_forest,0.7,0.6,0.09999999999999998,0.7,0.6,0.09999999999999998,0.6666666666666666,0.6,0.06666666666666665,0.8,0.6,0.20000000000000007,0.6,0.6,0.0,0.7272727272727273,0.6,0.12727272727272732,0.408248290463863,0.2,0.208248290463863,0.76,0.76,0.0,0.7683333333333333,0.8444444444444443,-0.07611111111111102
heart_phase1_checkpoint,heart,50,42,0,pca,4,fold_local_quantum_matched,qksvm,angle,,ideal,linear_svm,0.7,0.8,-0.10000000000000009,0.7,0.8,-0.10000000000000009,0.6666666666666666,0.8,-0.13333333333333341,0.8,0.8,0.0,0.6,0.8,-0.20000000000000007,0.7272727272727273,0.8,-0.07272727272727275,0.408248290463863,0.6,-0.19175170953613696,0.76,0.8400000000000001,-0.08000000000000007,0.7683333333333333,0.8528571428571428,-0.08452380952380945
heart_phase1_checkpoint,heart,50,42,0,pca,4,fold_local_quantum_matched,qksvm,angle,,ideal,logistic_regression,0.7,0.6,0.09999999999999998,0.7,0.6,0.09999999999999998,0.6666666666666666,0.6,0.06666666666666665,0.8,0.6,0.20000000000000007,0.6,0.6,0.0,0.7272727272727273,0.6,0.12727272727272732,0.408248290463863,0.2,0.208248290463863,0.76,0.76,0.0,0.7683333333333333,0.8083333333333333,-0.040000000000000036
heart_phase1_checkpoint,heart,50,42,0,pca,4,fold_local_quantum_matched,qksvm,angle,,ideal,rbf_svm,0.7,0.8,-0.10000000000000009,0.7,0.8,-0.10000000000000009,0.6666666666666666,0.8,-0.13333333333333341,0.8,0.8,0.0,0.6,0.8,-0.20000000000000007,0.7272727272727273,0.8,-0.07272727272727275,0.408248290463863,0.6,-0.19175170953613696,0.76,0.8400000000000001,-0.08000000000000007,0.7683333333333333,0.81,-0.04166666666666674
wdbc_feature_kernel_checkpoint,wdbc,100,42,0,mutual_info,2,fold_local_quantum_matched,qksvm,iqp,,ideal,linear_svm,0.55,0.75,-0.19999999999999996,0.5208333333333333,0.75,-0.22916666666666674,0.42857142857142855,0.6666666666666666,-0.23809523809523808,0.375,0.75,-0.375,0.6666666666666666,0.75,-0.08333333333333337,0.4,0.7058823529411765,-0.3058823529411765,0.04279604925109129,0.4923659639173309,-0.44956991466623963,0.53125,0.9375,-0.40625,0.4489857456140351,0.928409090909091,-0.47942334529505587
wdbc_feature_kernel_checkpoint,wdbc,100,42,0,mutual_info,2,fold_local_quantum_matched,qksvm,iqp,,ideal,random_forest,0.55,0.75,-0.19999999999999996,0.5208333333333333,0.7708333333333333,-0.25,0.42857142857142855,0.6363636363636364,-0.2077922077922078,0.375,0.875,-0.5,0.6666666666666666,0.6666666666666666,0.0,0.4,0.7368421052631579,-0.33684210526315783,0.04279604925109129,0.5333964609104418,-0.49060041165935053,0.53125,0.9375,-0.40625,0.4489857456140351,0.9248511904761905,-0.4758654448621554
wdbc_feature_kernel_checkpoint,wdbc,100,42,0,mutual_info,2,fold_local_quantum_matched,qksvm,iqp,,ideal,rbf_svm,0.55,0.75,-0.19999999999999996,0.5208333333333333,0.75,-0.22916666666666674,0.42857142857142855,0.6666666666666666,-0.23809523809523808,0.375,0.75,-0.375,0.6666666666666666,0.75,-0.08333333333333337,0.4,0.7058823529411765,-0.3058823529411765,0.04279604925109129,0.4923659639173309,-0.44956991466623963,0.53125,0.8854166666666667,-0.35416666666666674,0.4489857456140351,0.8258928571428572,-0.3769071115288221
wdbc_feature_kernel_checkpoint,wdbc,100,42,0,mutual_info,2,fold_local_quantum_matched,qksvm,iqp,,ideal,logistic_regression,0.55,0.75,-0.19999999999999996,0.5208333333333333,0.75,-0.22916666666666674,0.42857142857142855,0.6666666666666666,-0.23809523809523808,0.375,0.75,-0.375,0.6666666666666666,0.75,-0.08333333333333337,0.4,0.7058823529411765,-0.3058823529411765,0.04279604925109129,0.4923659639173309,-0.44956991466623963,0.53125,0.9270833333333334,-0.39583333333333337,0.4489857456140351,0.9208333333333334,-0.4718475877192983
wdbc_feature_kernel_checkpoint,wdbc,100,42,0,mutual_info,8,fold_local_quantum_matched,qksvm,iqp,,ideal,rbf_svm,0.85,0.9,-0.050000000000000044,0.8333333333333333,0.9166666666666667,-0.08333333333333348,0.8571428571428571,0.8,0.05714285714285705,0.75,1.0,-0.25,0.9166666666666666,0.8333333333333334,0.08333333333333326,0.8,0.8888888888888888,-0.0888888888888888,0.6847367880174606,0.816496580927726,-0.1317597929102654,0.9479166666666667,0.9583333333333334,-0.01041666666666663,0.9293650793650794,0.9472222222222222,-0.017857142857142794
wdbc_feature_kernel_checkpoint,wdbc,100,42,0,mutual_info,8,fold_local_quantum_matched,qksvm,iqp,,ideal,random_forest,0.85,0.85,0.0,0.8333333333333333,0.8541666666666667,-0.02083333333333348,0.8571428571428571,0.7777777777777778,0.0793650793650793,0.75,0.875,-0.125,0.9166666666666666,0.8333333333333334,0.08333333333333326,0.8,0.8235294117647058,-0.0235294117647058,0.6847367880174606,0.6975184488828855,-0.012781660865424871,0.9479166666666667,0.9583333333333334,-0.01041666666666663,0.9293650793650794,0.9472222222222222,-0.017857142857142794
wdbc_feature_kernel_checkpoint,wdbc,100,42,0,mutual_info,8,fold_local_quantum_matched,qksvm,iqp,,ideal,linear_svm,0.85,0.8,0.04999999999999993,0.8333333333333333,0.7916666666666667,0.04166666666666652,0.8571428571428571,0.75,0.1071428571428571,0.75,0.75,0.0,0.9166666666666666,0.8333333333333334,0.08333333333333326,0.8,0.75,0.050000000000000044,0.6847367880174606,0.5833333333333334,0.10140345468412726,0.9479166666666667,0.9583333333333334,-0.01041666666666663,0.9293650793650794,0.9472222222222222,-0.017857142857142794
wdbc_feature_kernel_checkpoint,wdbc,100,42,0,mutual_info,8,fold_local_quantum_matched,qksvm,iqp,,ideal,logistic_regression,0.85,0.8,0.04999999999999993,0.8333333333333333,0.7916666666666667,0.04166666666666652,0.8571428571428571,0.75,0.1071428571428571,0.75,0.75,0.0,0.9166666666666666,0.8333333333333334,0.08333333333333326,0.8,0.75,0.050000000000000044,0.6847367880174606,0.5833333333333334,0.10140345468412726,0.9479166666666667,0.9583333333333334,-0.01041666666666663,0.9293650793650794,0.9472222222222222,-0.017857142857142794
wdbc_feature_kernel_checkpoint,wdbc,100,42,0,pca,2,fold_local_quantum_matched,qksvm,iqp,,ideal,linear_svm,0.85,0.9,-0.050000000000000044,0.8333333333333333,0.8958333333333333,-0.0625,0.8571428571428571,0.875,-0.017857142857142905,0.75,0.875,-0.125,0.9166666666666666,0.9166666666666666,0.0,0.8,0.875,-0.07499999999999996,0.6847367880174606,0.7916666666666666,-0.106929878649206,0.9166666666666666,0.9895833333333333,-0.07291666666666663,0.9260416666666667,0.9861111111111112,-0.06006944444444451
wdbc_feature_kernel_checkpoint,wdbc,100,42,0,pca,2,fold_local_quantum_matched,qksvm,iqp,,ideal,random_forest,0.85,0.9,-0.050000000000000044,0.8333333333333333,0.8958333333333333,-0.0625,0.8571428571428571,0.875,-0.017857142857142905,0.75,0.875,-0.125,0.9166666666666666,0.9166666666666666,0.0,0.8,0.875,-0.07499999999999996,0.6847367880174606,0.7916666666666666,-0.106929878649206,0.9166666666666666,0.9791666666666667,-0.06250000000000011,0.9260416666666667,0.975,-0.048958333333333326
wdbc_feature_kernel_checkpoint,wdbc,100,42,0,pca,2,fold_local_quantum_matched,qksvm,iqp,,ideal,rbf_svm,0.85,0.9,-0.050000000000000044,0.8333333333333333,0.8958333333333333,-0.0625,0.8571428571428571,0.875,-0.017857142857142905,0.75,0.875,-0.125,0.9166666666666666,0.9166666666666666,0.0,0.8,0.875,-0.07499999999999996,0.6847367880174606,0.7916666666666666,-0.106929878649206,0.9166666666666666,0.9791666666666667,-0.06250000000000011,0.9260416666666667,0.975,-0.048958333333333326
wdbc_feature_kernel_checkpoint,wdbc,100,42,0,pca,2,fold_local_quantum_matched,qksvm,iqp,,ideal,logistic_regression,0.85,0.95,-0.09999999999999998,0.8333333333333333,0.9375,-0.10416666666666674,0.8571428571428571,1.0,-0.1428571428571429,0.75,0.875,-0.125,0.9166666666666666,1.0,-0.08333333333333337,0.8,0.9333333333333333,-0.1333333333333333,0.6847367880174606,0.898717034272917,-0.21398024625545642,0.9166666666666666,0.9895833333333333,-0.07291666666666663,0.9260416666666667,0.9861111111111112,-0.06006944444444451
heart_phase1_checkpoint,heart,100,42,0,pca,4,fold_local_quantum_matched,qksvm,angle,,ideal,rbf_svm,0.55,0.6,-0.04999999999999993,0.5505050505050505,0.606060606060606,-0.05555555555555547,0.5,0.5454545454545454,-0.045454545454545414,0.5555555555555556,0.6666666666666666,-0.11111111111111105,0.5454545454545454,0.5454545454545454,0.0,0.5263157894736842,0.6,-0.0736842105263158,0.10050378152592121,0.21212121212121213,-0.11161743059529092,0.5555555555555556,0.5858585858585859,-0.030303030303030276,0.5853716783541345,0.5661425052033927,0.019229173150741796
heart_phase1_checkpoint,heart,100,42,0,pca,4,fold_local_quantum_matched,qksvm,angle,,ideal,linear_svm,0.55,0.6,-0.04999999999999993,0.5505050505050505,0.606060606060606,-0.05555555555555547,0.5,0.5454545454545454,-0.045454545454545414,0.5555555555555556,0.6666666666666666,-0.11111111111111105,0.5454545454545454,0.5454545454545454,0.0,0.5263157894736842,0.6,-0.0736842105263158,0.10050378152592121,0.21212121212121213,-0.11161743059529092,0.5555555555555556,0.6666666666666666,-0.11111111111111105,0.5853716783541345,0.6840743134860783,-0.09870263513194377
heart_phase1_checkpoint,heart,100,42,0,pca,4,fold_local_quantum_matched,qksvm,angle,,ideal,logistic_regression,0.55,0.6,-0.04999999999999993,0.5505050505050505,0.606060606060606,-0.05555555555555547,0.5,0.5454545454545454,-0.045454545454545414,0.5555555555555556,0.6666666666666666,-0.11111111111111105,0.5454545454545454,0.5454545454545454,0.0,0.5263157894736842,0.6,-0.0736842105263158,0.10050378152592121,0.21212121212121213,-0.11161743059529092,0.5555555555555556,0.707070707070707,-0.15151515151515138,0.5853716783541345,0.7400404606286959,-0.15466878227456138
heart_phase1_checkpoint,heart,100,42,0,pca,4,fold_local_quantum_matched,qksvm,angle,,ideal,random_forest,0.55,0.55,0.0,0.5505050505050505,0.5505050505050505,0.0,0.5,0.5,0.0,0.5555555555555556,0.5555555555555556,0.0,0.5454545454545454,0.5454545454545454,0.0,0.5263157894736842,0.5263157894736842,0.0,0.10050378152592121,0.10050378152592121,0.0,0.5555555555555556,0.5656565656565656,-0.010101010101010055,0.5853716783541345,0.5555555555555555,0.029816122798579037
wdbc_phase1_checkpoint,wdbc,100,42,0,pca,4,fold_local_quantum_matched,qksvm,angle,,ideal,logistic_regression,0.9,0.9,0.0,0.8958333333333333,0.8958333333333333,0.0,0.875,0.875,0.0,0.875,0.875,0.0,0.9166666666666666,0.9166666666666666,0.0,0.875,0.875,0.0,0.7916666666666666,0.7916666666666666,0.0,0.9895833333333333,0.96875,0.02083333333333326,0.9861111111111112,0.959375,0.026736111111111183
wdbc_phase1_checkpoint,wdbc,100,42,0,pca,4,fold_local_quantum_matched,qksvm,angle,,ideal,rbf_svm,0.9,0.9,0.0,0.8958333333333333,0.8958333333333333,0.0,0.875,0.875,0.0,0.875,0.875,0.0,0.9166666666666666,0.9166666666666666,0.0,0.875,0.875,0.0,0.7916666666666666,0.7916666666666666,0.0,0.9895833333333333,0.9791666666666666,0.01041666666666663,0.9861111111111112,0.9704861111111112,0.015625
wdbc_phase1_checkpoint,wdbc,100,42,0,pca,4,fold_local_quantum_matched,qksvm,angle,,ideal,linear_svm,0.9,0.9,0.0,0.8958333333333333,0.9166666666666667,-0.02083333333333348,0.875,0.8,0.07499999999999996,0.875,1.0,-0.125,0.9166666666666666,0.8333333333333334,0.08333333333333326,0.875,0.8888888888888888,-0.01388888888888884,0.7916666666666666,0.816496580927726,-0.024829914261059405,0.9895833333333333,0.9583333333333334,0.03124999999999989,0.9861111111111112,0.9472222222222222,0.03888888888888897
wdbc_phase1_checkpoint,wdbc,100,42,0,pca,4,fold_local_quantum_matched,qksvm,angle,,ideal,random_forest,0.9,0.85,0.050000000000000044,0.8958333333333333,0.8541666666666667,0.04166666666666652,0.875,0.7777777777777778,0.09722222222222221,0.875,0.875,0.0,0.9166666666666666,0.8333333333333334,0.08333333333333326,0.875,0.8235294117647058,0.05147058823529416,0.7916666666666666,0.6975184488828855,0.09414821778378113,0.9895833333333333,0.96875,0.02083333333333326,0.9861111111111112,0.959375,0.026736111111111183
wdbc_phase1_checkpoint,wdbc,200,42,0,pca,4,fold_local_quantum_matched,qksvm,angle,,ideal,logistic_regression,0.925,0.925,0.0,0.9133333333333333,0.9,0.013333333333333308,0.9285714285714286,1.0,-0.0714285714285714,0.8666666666666667,0.8,0.06666666666666665,0.96,1.0,-0.040000000000000036,0.896551724137931,0.8888888888888888,0.00766283524904221,0.8390645410391885,0.8451542547285166,-0.006089713689328091,0.944,0.976,-0.03200000000000003,0.9535387488328665,0.975,-0.021461251167133488
wdbc_phase1_checkpoint,wdbc,200,42,0,pca,4,fold_local_quantum_matched,qksvm,angle,,ideal,linear_svm,0.925,0.95,-0.02499999999999991,0.9133333333333333,0.9333333333333333,-0.020000000000000018,0.9285714285714286,1.0,-0.0714285714285714,0.8666666666666667,0.8666666666666667,0.0,0.96,1.0,-0.040000000000000036,0.896551724137931,0.9285714285714286,-0.03201970443349755,0.8390645410391885,0.8958064164776166,-0.056741875438428124,0.944,0.9973333333333333,-0.053333333333333344,0.9535387488328665,0.9958333333333333,-0.04229458450046686
wdbc_phase1_checkpoint,wdbc,200,42,0,pca,4,fold_local_quantum_matched,qksvm,angle,,ideal,rbf_svm,0.925,0.95,-0.02499999999999991,0.9133333333333333,0.9333333333333333,-0.020000000000000018,0.9285714285714286,1.0,-0.0714285714285714,0.8666666666666667,0.8666666666666667,0.0,0.96,1.0,-0.040000000000000036,0.896551724137931,0.9285714285714286,-0.03201970443349755,0.8390645410391885,0.8958064164776166,-0.056741875438428124,0.944,1.0,-0.05600000000000005,0.9535387488328665,1.0,-0.04646125116713351
wdbc_phase1_checkpoint,wdbc,200,42,0,pca,4,fold_local_quantum_matched,qksvm,angle,,ideal,random_forest,0.925,0.925,0.0,0.9133333333333333,0.9,0.013333333333333308,0.9285714285714286,1.0,-0.0714285714285714,0.8666666666666667,0.8,0.06666666666666665,0.96,1.0,-0.040000000000000036,0.896551724137931,0.8888888888888888,0.00766283524904221,0.8390645410391885,0.8451542547285166,-0.006089713689328091,0.944,0.992,-0.04800000000000004,0.9535387488328665,0.9888888888888889,-0.03535014005602244
wdbc_feature_kernel_checkpoint,wdbc,100,42,0,mutual_info,6,fold_local_quantum_matched,qksvm,angle,,ideal,logistic_regression,0.8,0.8,0.0,0.7916666666666667,0.7916666666666667,0.0,0.75,0.75,0.0,0.75,0.75,0.0,0.8333333333333334,0.8333333333333334,0.0,0.75,0.75,0.0,0.5833333333333334,0.5833333333333334,0.0,0.9583333333333334,0.9479166666666667,0.01041666666666663,0.9472222222222222,0.9381313131313131,0.009090909090909038
wdbc_feature_kernel_checkpoint,wdbc,100,42,0,mutual_info,6,fold_local_quantum_matched,qksvm,angle,,ideal,linear_svm,0.8,0.8,0.0,0.7916666666666667,0.7916666666666667,0.0,0.75,0.75,0.0,0.75,0.75,0.0,0.8333333333333334,0.8333333333333334,0.0,0.75,0.75,0.0,0.5833333333333334,0.5833333333333334,0.0,0.9583333333333334,0.9583333333333334,0.0,0.9472222222222222,0.9472222222222222,0.0
wdbc_feature_kernel_checkpoint,wdbc,100,42,0,mutual_info,6,fold_local_quantum_matched,qksvm,angle,,ideal,rbf_svm,0.8,0.8,0.0,0.7916666666666667,0.7916666666666667,0.0,0.75,0.75,0.0,0.75,0.75,0.0,0.8333333333333334,0.8333333333333334,0.0,0.75,0.75,0.0,0.5833333333333334,0.5833333333333334,0.0,0.9583333333333334,0.9583333333333334,0.0,0.9472222222222222,0.9472222222222222,0.0
wdbc_feature_kernel_checkpoint,wdbc,100,42,0,mutual_info,6,fold_local_quantum_matched,qksvm,angle,,ideal,random_forest,0.8,0.85,-0.04999999999999993,0.7916666666666667,0.8541666666666667,-0.0625,0.75,0.7777777777777778,-0.02777777777777779,0.75,0.875,-0.125,0.8333333333333334,0.8333333333333334,0.0,0.75,0.8235294117647058,-0.07352941176470584,0.5833333333333334,0.6975184488828855,-0.11418511554955213,0.9583333333333334,0.9583333333333333,1.1102230246251565e-16,0.9472222222222222,0.9472222222222222,0.0
smoke,iris,full,42,0,pca,2,fold_local_quantum_matched,qksvm,angle,,ideal,rbf_svm,0.98,1.0,-0.020000000000000018,0.98,1.0,-0.020000000000000018,1.0,1.0,0.0,0.96,1.0,-0.040000000000000036,1.0,1.0,0.0,0.9795918367346939,1.0,-0.020408163265306145,0.9607689228305227,1.0,-0.03923107716947727,0.9984,1.0,-0.0016000000000000458,0.9984615384615385,1.0,-0.0015384615384614886
smoke,iris,full,42,0,pca,2,fold_local_quantum_matched,qksvm,angle,,ideal,logistic_regression,0.98,1.0,-0.020000000000000018,0.98,1.0,-0.020000000000000018,1.0,1.0,0.0,0.96,1.0,-0.040000000000000036,1.0,1.0,0.0,0.9795918367346939,1.0,-0.020408163265306145,0.9607689228305227,1.0,-0.03923107716947727,0.9984,1.0,-0.0016000000000000458,0.9984615384615385,1.0,-0.0015384615384614886
smoke,iris,full,42,0,pca,2,fold_local_quantum_matched,qksvm,angle,,ideal,random_forest,0.98,1.0,-0.020000000000000018,0.98,1.0,-0.020000000000000018,1.0,1.0,0.0,0.96,1.0,-0.040000000000000036,1.0,1.0,0.0,0.9795918367346939,1.0,-0.020408163265306145,0.9607689228305227,1.0,-0.03923107716947727,0.9984,1.0,-0.0016000000000000458,0.9984615384615385,1.0,-0.0015384615384614886
smoke,iris,full,42,0,pca,2,fold_local_quantum_matched,qksvm,angle,,ideal,linear_svm,0.98,1.0,-0.020000000000000018,0.98,1.0,-0.020000000000000018,1.0,1.0,0.0,0.96,1.0,-0.040000000000000036,1.0,1.0,0.0,0.9795918367346939,1.0,-0.020408163265306145,0.9607689228305227,1.0,-0.03923107716947727,0.9984,1.0,-0.0016000000000000458,0.9984615384615385,1.0,-0.0015384615384614886
wdbc_feature_kernel_checkpoint,wdbc,100,42,0,pca,6,fold_local_quantum_matched,qksvm,iqp,,ideal,random_forest,0.75,0.85,-0.09999999999999998,0.6875,0.8541666666666667,-0.16666666666666674,1.0,0.7777777777777778,0.2222222222222222,0.375,0.875,-0.5,1.0,0.8333333333333334,0.16666666666666663,0.5454545454545454,0.8235294117647058,-0.27807486631016043,0.5144957554275266,0.6975184488828855,-0.18302269345535893,0.8229166666666666,0.96875,-0.14583333333333337,0.821410533910534,0.959375,-0.137964466089466
wdbc_feature_kernel_checkpoint,wdbc,100,42,0,pca,6,fold_local_quantum_matched,qksvm,iqp,,ideal,rbf_svm,0.75,0.85,-0.09999999999999998,0.6875,0.8125,-0.125,1.0,1.0,0.0,0.375,0.625,-0.25,1.0,1.0,0.0,0.5454545454545454,0.7692307692307693,-0.22377622377622386,0.5144957554275266,0.7071067811865475,-0.1926110257590209,0.8229166666666666,1.0,-0.17708333333333337,0.821410533910534,1.0,-0.17858946608946602
wdbc_feature_kernel_checkpoint,wdbc,100,42,0,pca,6,fold_local_quantum_matched,qksvm,iqp,,ideal,logistic_regression,0.75,0.9,-0.15000000000000002,0.6875,0.875,-0.1875,1.0,1.0,0.0,0.375,0.75,-0.375,1.0,1.0,0.0,0.5454545454545454,0.8571428571428571,-0.3116883116883117,0.5144957554275266,0.8017837257372732,-0.2872879703097466,0.8229166666666666,0.96875,-0.14583333333333337,0.821410533910534,0.9659090909090909,-0.14449855699855696
wdbc_feature_kernel_checkpoint,wdbc,100,42,0,pca,6,fold_local_quantum_matched,qksvm,iqp,,ideal,linear_svm,0.75,0.9,-0.15000000000000002,0.6875,0.875,-0.1875,1.0,1.0,0.0,0.375,0.75,-0.375,1.0,1.0,0.0,0.5454545454545454,0.8571428571428571,-0.3116883116883117,0.5144957554275266,0.8017837257372732,-0.2872879703097466,0.8229166666666666,0.96875,-0.14583333333333337,0.821410533910534,0.959375,-0.137964466089466
wdbc_phase1_checkpoint,wdbc,50,42,0,pca,4,fold_local_quantum_matched,qksvm,angle,,ideal,linear_svm,0.7,1.0,-0.30000000000000004,0.7083333333333333,1.0,-0.29166666666666674,0.6,1.0,-0.4,0.75,1.0,-0.25,0.6666666666666666,1.0,-0.33333333333333337,0.6666666666666666,1.0,-0.33333333333333337,0.408248290463863,1.0,-0.591751709536137,0.7916666666666667,1.0,-0.20833333333333326,0.8125,1.0,-0.1875
wdbc_phase1_checkpoint,wdbc,50,42,0,pca,4,fold_local_quantum_matched,qksvm,angle,,ideal,rbf_svm,0.7,1.0,-0.30000000000000004,0.7083333333333333,1.0,-0.29166666666666674,0.6,1.0,-0.4,0.75,1.0,-0.25,0.6666666666666666,1.0,-0.33333333333333337,0.6666666666666666,1.0,-0.33333333333333337,0.408248290463863,1.0,-0.591751709536137,0.7916666666666667,1.0,-0.20833333333333326,0.8125,1.0,-0.1875
wdbc_phase1_checkpoint,wdbc,50,42,0,pca,4,fold_local_quantum_matched,qksvm,angle,,ideal,random_forest,0.7,0.8,-0.10000000000000009,0.7083333333333333,0.7916666666666667,-0.08333333333333348,0.6,0.75,-0.15000000000000002,0.75,0.75,0.0,0.6666666666666666,0.8333333333333334,-0.16666666666666674,0.6666666666666666,0.75,-0.08333333333333337,0.408248290463863,0.5833333333333334,-0.17508504286947035,0.7916666666666667,0.9583333333333334,-0.16666666666666663,0.8125,0.95,-0.13749999999999996
wdbc_phase1_checkpoint,wdbc,50,42,0,pca,4,fold_local_quantum_matched,qksvm,angle,,ideal,logistic_regression,0.7,1.0,-0.30000000000000004,0.7083333333333333,1.0,-0.29166666666666674,0.6,1.0,-0.4,0.75,1.0,-0.25,0.6666666666666666,1.0,-0.33333333333333337,0.6666666666666666,1.0,-0.33333333333333337,0.408248290463863,1.0,-0.591751709536137,0.7916666666666667,1.0,-0.20833333333333326,0.8125,1.0,-0.1875
wdbc_phase1_checkpoint,wdbc,50,42,0,pca,4,fold_local_quantum_matched,vqc,angle,1.0,ideal,linear_svm,0.5,1.0,-0.5,0.4166666666666667,1.0,-0.5833333333333333,0.0,1.0,-1.0,0.0,1.0,-1.0,0.8333333333333334,1.0,-0.16666666666666663,0.0,1.0,-1.0,-0.2721655269759087,1.0,-1.2721655269759087,0.25,1.0,-0.75,0.3404761904761905,1.0,-0.6595238095238095
wdbc_phase1_checkpoint,wdbc,50,42,0,pca,4,fold_local_quantum_matched,vqc,angle,1.0,ideal,rbf_svm,0.5,1.0,-0.5,0.4166666666666667,1.0,-0.5833333333333333,0.0,1.0,-1.0,0.0,1.0,-1.0,0.8333333333333334,1.0,-0.16666666666666663,0.0,1.0,-1.0,-0.2721655269759087,1.0,-1.2721655269759087,0.25,1.0,-0.75,0.3404761904761905,1.0,-0.6595238095238095
wdbc_phase1_checkpoint,wdbc,50,42,0,pca,4,fold_local_quantum_matched,vqc,angle,1.0,ideal,random_forest,0.5,0.8,-0.30000000000000004,0.4166666666666667,0.7916666666666667,-0.37500000000000006,0.0,0.75,-0.75,0.0,0.75,-0.75,0.8333333333333334,0.8333333333333334,0.0,0.0,0.75,-0.75,-0.2721655269759087,0.5833333333333334,-0.855498860309242,0.25,0.9583333333333334,-0.7083333333333334,0.3404761904761905,0.95,-0.6095238095238095
wdbc_phase1_checkpoint,wdbc,50,42,0,pca,4,fold_local_quantum_matched,vqc,angle,1.0,ideal,logistic_regression,0.5,1.0,-0.5,0.4166666666666667,1.0,-0.5833333333333333,0.0,1.0,-1.0,0.0,1.0,-1.0,0.8333333333333334,1.0,-0.16666666666666663,0.0,1.0,-1.0,-0.2721655269759087,1.0,-1.2721655269759087,0.25,1.0,-0.75,0.3404761904761905,1.0,-0.6595238095238095
heart_phase1_checkpoint,heart,200,42,0,pca,4,fold_local_quantum_matched,vqc,angle,1.0,ideal,logistic_regression,0.55,0.725,-0.17499999999999993,0.5050505050505051,0.7247474747474747,-0.2196969696969696,0.5,0.6842105263157895,-0.1842105263157895,0.05555555555555555,0.7222222222222222,-0.6666666666666666,0.9545454545454546,0.7272727272727273,0.2272727272727273,0.1,0.7027027027027027,-0.6027027027027028,0.02305714879553582,0.447801930486707,-0.4247447816911712,0.3686868686868686,0.7853535353535354,-0.41666666666666674,0.3980192381061628,0.7985908659725873,-0.40057162786642453
heart_phase1_checkpoint,heart,200,42,0,pca,4,fold_local_quantum_matched,vqc,angle,1.0,ideal,random_forest,0.55,0.625,-0.07499999999999996,0.5050505050505051,0.6237373737373737,-0.11868686868686862,0.5,0.5789473684210527,-0.07894736842105265,0.05555555555555555,0.6111111111111112,-0.5555555555555556,0.9545454545454546,0.6363636363636364,0.31818181818181823,0.1,0.5945945945945946,-0.49459459459459465,0.02305714879553582,0.2465426358859398,-0.22348548709040397,0.3686868686868686,0.696969696969697,-0.3282828282828284,0.3980192381061628,0.6026058586475254,-0.20458662054136256
heart_phase1_checkpoint,heart,200,42,0,pca,4,fold_local_quantum_matched,vqc,angle,1.0,ideal,linear_svm,0.55,0.7,-0.1499999999999999,0.5050505050505051,0.696969696969697,-0.19191919191919193,0.5,0.6666666666666666,-0.16666666666666663,0.05555555555555555,0.6666666666666666,-0.611111111111111,0.9545454545454546,0.7272727272727273,0.2272727272727273,0.1,0.6666666666666666,-0.5666666666666667,0.02305714879553582,0.3939393939393939,-0.3708822451438581,0.3686868686868686,0.7904040404040404,-0.4217171717171718,0.3980192381061628,0.8068600088715031,-0.4088407707653403
heart_phase1_checkpoint,heart,200,42,0,pca,4,fold_local_quantum_matched,vqc,angle,1.0,ideal,rbf_svm,0.55,0.75,-0.19999999999999996,0.5050505050505051,0.7474747474747474,-0.24242424242424232,0.5,0.7222222222222222,-0.2222222222222222,0.05555555555555555,0.7222222222222222,-0.6666666666666666,0.9545454545454546,0.7727272727272727,0.18181818181818188,0.1,0.7222222222222222,-0.6222222222222222,0.02305714879553582,0.494949494949495,-0.47189234615395914,0.3686868686868686,0.7651515151515151,-0.3964646464646465,0.3980192381061628,0.6870062137272281,-0.28898697562106535
wdbc_feature_kernel_checkpoint,wdbc,100,42,0,mutual_info,2,fold_local_quantum_matched,qksvm,angle,,ideal,linear_svm,0.75,0.75,0.0,0.75,0.75,0.0,0.6666666666666666,0.6666666666666666,0.0,0.75,0.75,0.0,0.75,0.75,0.0,0.7058823529411765,0.7058823529411765,0.0,0.4923659639173309,0.4923659639173309,0.0,0.8854166666666666,0.9375,-0.05208333333333337,0.8507326007326007,0.928409090909091,-0.07767649017649025
wdbc_feature_kernel_checkpoint,wdbc,100,42,0,mutual_info,2,fold_local_quantum_matched,qksvm,angle,,ideal,random_forest,0.75,0.75,0.0,0.75,0.7708333333333333,-0.02083333333333326,0.6666666666666666,0.6363636363636364,0.030303030303030276,0.75,0.875,-0.125,0.75,0.6666666666666666,0.08333333333333337,0.7058823529411765,0.7368421052631579,-0.030959752321981338,0.4923659639173309,0.5333964609104418,-0.0410304969931109,0.8854166666666666,0.9375,-0.05208333333333337,0.8507326007326007,0.9248511904761905,-0.07411858974358976
wdbc_feature_kernel_checkpoint,wdbc,100,42,0,mutual_info,2,fold_local_quantum_matched,qksvm,angle,,ideal,rbf_svm,0.75,0.75,0.0,0.75,0.75,0.0,0.6666666666666666,0.6666666666666666,0.0,0.75,0.75,0.0,0.75,0.75,0.0,0.7058823529411765,0.7058823529411765,0.0,0.4923659639173309,0.4923659639173309,0.0,0.8854166666666666,0.8854166666666667,-1.1102230246251565e-16,0.8507326007326007,0.8258928571428572,0.0248397435897435
wdbc_feature_kernel_checkpoint,wdbc,100,42,0,mutual_info,2,fold_local_quantum_matched,qksvm,angle,,ideal,logistic_regression,0.75,0.75,0.0,0.75,0.75,0.0,0.6666666666666666,0.6666666666666666,0.0,0.75,0.75,0.0,0.75,0.75,0.0,0.7058823529411765,0.7058823529411765,0.0,0.4923659639173309,0.4923659639173309,0.0,0.8854166666666666,0.9270833333333334,-0.04166666666666674,0.8507326007326007,0.9208333333333334,-0.07010073260073268
wdbc_feature_kernel_checkpoint,wdbc,100,42,0,pca,4,fold_local_quantum_matched,qksvm,iqp,,ideal,random_forest,0.65,0.85,-0.19999999999999996,0.6041666666666667,0.8541666666666667,-0.25,0.6,0.7777777777777778,-0.1777777777777778,0.375,0.875,-0.5,0.8333333333333334,0.8333333333333334,0.0,0.46153846153846156,0.8235294117647058,-0.3619909502262443,0.23570226039551584,0.6975184488828855,-0.46181618848736966,0.7604166666666666,0.96875,-0.20833333333333337,0.7078869047619047,0.959375,-0.25148809523809523
wdbc_feature_kernel_checkpoint,wdbc,100,42,0,pca,4,fold_local_quantum_matched,qksvm,iqp,,ideal,rbf_svm,0.65,0.9,-0.25,0.6041666666666667,0.8958333333333333,-0.2916666666666665,0.6,0.875,-0.275,0.375,0.875,-0.5,0.8333333333333334,0.9166666666666666,-0.08333333333333326,0.46153846153846156,0.875,-0.41346153846153844,0.23570226039551584,0.7916666666666666,-0.5559644062711508,0.7604166666666666,0.9791666666666666,-0.21875,0.7078869047619047,0.9704861111111112,-0.2625992063492064
wdbc_feature_kernel_checkpoint,wdbc,100,42,0,pca,4,fold_local_quantum_matched,qksvm,iqp,,ideal,logistic_regression,0.65,0.9,-0.25,0.6041666666666667,0.8958333333333333,-0.2916666666666665,0.6,0.875,-0.275,0.375,0.875,-0.5,0.8333333333333334,0.9166666666666666,-0.08333333333333326,0.46153846153846156,0.875,-0.41346153846153844,0.23570226039551584,0.7916666666666666,-0.5559644062711508,0.7604166666666666,0.96875,-0.20833333333333337,0.7078869047619047,0.959375,-0.25148809523809523
wdbc_feature_kernel_checkpoint,wdbc,100,42,0,pca,4,fold_local_quantum_matched,qksvm,iqp,,ideal,linear_svm,0.65,0.9,-0.25,0.6041666666666667,0.9166666666666667,-0.3125,0.6,0.8,-0.20000000000000007,0.375,1.0,-0.625,0.8333333333333334,0.8333333333333334,0.0,0.46153846153846156,0.8888888888888888,-0.4273504273504273,0.23570226039551584,0.816496580927726,-0.5807943205322101,0.7604166666666666,0.9583333333333334,-0.19791666666666674,0.7078869047619047,0.9472222222222222,-0.23933531746031744
wdbc_feature_kernel_checkpoint,wdbc,100,42,0,pca,8,fold_local_quantum_matched,qksvm,iqp,,ideal,logistic_regression,0.7,0.9,-0.20000000000000007,0.625,0.8958333333333333,-0.27083333333333326,1.0,0.875,0.125,0.25,0.875,-0.625,1.0,0.9166666666666666,0.08333333333333337,0.4,0.875,-0.475,0.408248290463863,0.7916666666666666,-0.3834183762028036,0.75,0.9583333333333334,-0.20833333333333337,0.7649839743589744,0.9583333333333333,-0.1933493589743589
wdbc_feature_kernel_checkpoint,wdbc,100,42,0,pca,8,fold_local_quantum_matched,qksvm,iqp,,ideal,random_forest,0.7,0.9,-0.20000000000000007,0.625,0.8958333333333333,-0.27083333333333326,1.0,0.875,0.125,0.25,0.875,-0.625,1.0,0.9166666666666666,0.08333333333333337,0.4,0.875,-0.475,0.408248290463863,0.7916666666666666,-0.3834183762028036,0.75,0.96875,-0.21875,0.7649839743589744,0.959375,-0.19439102564102562
wdbc_feature_kernel_checkpoint,wdbc,100,42,0,pca,8,fold_local_quantum_matched,qksvm,iqp,,ideal,linear_svm,0.7,0.9,-0.20000000000000007,0.625,0.875,-0.25,1.0,1.0,0.0,0.25,0.75,-0.5,1.0,1.0,0.0,0.4,0.8571428571428571,-0.4571428571428571,0.408248290463863,0.8017837257372732,-0.3935354352734102,0.75,0.9791666666666666,-0.22916666666666663,0.7649839743589744,0.9704861111111112,-0.2055021367521368
wdbc_feature_kernel_checkpoint,wdbc,100,42,0,pca,8,fold_local_quantum_matched,qksvm,iqp,,ideal,rbf_svm,0.7,0.95,-0.25,0.625,0.9375,-0.3125,1.0,1.0,0.0,0.25,0.875,-0.625,1.0,1.0,0.0,0.4,0.9333333333333333,-0.5333333333333333,0.408248290463863,0.898717034272917,-0.49046874380905403,0.75,0.9791666666666667,-0.22916666666666674,0.7649839743589744,0.975,-0.21001602564102562
wdbc_feature_kernel_checkpoint,wdbc,100,42,0,pca,2,fold_local_quantum_matched,qksvm,angle,,ideal,linear_svm,0.95,0.9,0.04999999999999993,0.9375,0.8958333333333333,0.04166666666666674,1.0,0.875,0.125,0.875,0.875,0.0,1.0,0.9166666666666666,0.08333333333333337,0.9333333333333333,0.875,0.05833333333333335,0.898717034272917,0.7916666666666666,0.10705036760625042,0.9895833333333333,0.9895833333333333,0.0,0.9861111111111112,0.9861111111111112,0.0
wdbc_feature_kernel_checkpoint,wdbc,100,42,0,pca,2,fold_local_quantum_matched,qksvm,angle,,ideal,random_forest,0.95,0.9,0.04999999999999993,0.9375,0.8958333333333333,0.04166666666666674,1.0,0.875,0.125,0.875,0.875,0.0,1.0,0.9166666666666666,0.08333333333333337,0.9333333333333333,0.875,0.05833333333333335,0.898717034272917,0.7916666666666666,0.10705036760625042,0.9895833333333333,0.9791666666666667,0.010416666666666519,0.9861111111111112,0.975,0.011111111111111183
wdbc_feature_kernel_checkpoint,wdbc,100,42,0,pca,2,fold_local_quantum_matched,qksvm,angle,,ideal,rbf_svm,0.95,0.9,0.04999999999999993,0.9375,0.8958333333333333,0.04166666666666674,1.0,0.875,0.125,0.875,0.875,0.0,1.0,0.9166666666666666,0.08333333333333337,0.9333333333333333,0.875,0.05833333333333335,0.898717034272917,0.7916666666666666,0.10705036760625042,0.9895833333333333,0.9791666666666667,0.010416666666666519,0.9861111111111112,0.975,0.011111111111111183
wdbc_feature_kernel_checkpoint,wdbc,100,42,0,pca,2,fold_local_quantum_matched,qksvm,angle,,ideal,logistic_regression,0.95,0.95,0.0,0.9375,0.9375,0.0,1.0,1.0,0.0,0.875,0.875,0.0,1.0,1.0,0.0,0.9333333333333333,0.9333333333333333,0.0,0.898717034272917,0.898717034272917,0.0,0.9895833333333333,0.9895833333333333,0.0,0.9861111111111112,0.9861111111111112,0.0
wdbc_feature_kernel_checkpoint,wdbc,100,42,0,mutual_info,4,fold_local_quantum_matched,qksvm,angle,,ideal,linear_svm,0.8,0.8,0.0,0.7916666666666667,0.7916666666666667,0.0,0.75,0.75,0.0,0.75,0.75,0.0,0.8333333333333334,0.8333333333333334,0.0,0.75,0.75,0.0,0.5833333333333334,0.5833333333333334,0.0,0.9583333333333334,0.9583333333333334,0.0,0.9472222222222222,0.9472222222222222,0.0
wdbc_feature_kernel_checkpoint,wdbc,100,42,0,mutual_info,4,fold_local_quantum_matched,qksvm,angle,,ideal,rbf_svm,0.8,0.8,0.0,0.7916666666666667,0.7916666666666667,0.0,0.75,0.75,0.0,0.75,0.75,0.0,0.8333333333333334,0.8333333333333334,0.0,0.75,0.75,0.0,0.5833333333333334,0.5833333333333334,0.0,0.9583333333333334,0.9583333333333334,0.0,0.9472222222222222,0.9472222222222222,0.0
wdbc_feature_kernel_checkpoint,wdbc,100,42,0,mutual_info,4,fold_local_quantum_matched,qksvm,angle,,ideal,logistic_regression,0.8,0.8,0.0,0.7916666666666667,0.7916666666666667,0.0,0.75,0.75,0.0,0.75,0.75,0.0,0.8333333333333334,0.8333333333333334,0.0,0.75,0.75,0.0,0.5833333333333334,0.5833333333333334,0.0,0.9583333333333334,0.9479166666666667,0.01041666666666663,0.9472222222222222,0.9381313131313131,0.009090909090909038
wdbc_feature_kernel_checkpoint,wdbc,100,42,0,mutual_info,4,fold_local_quantum_matched,qksvm,angle,,ideal,random_forest,0.8,0.85,-0.04999999999999993,0.7916666666666667,0.8541666666666667,-0.0625,0.75,0.7777777777777778,-0.02777777777777779,0.75,0.875,-0.125,0.8333333333333334,0.8333333333333334,0.0,0.75,0.8235294117647058,-0.07352941176470584,0.5833333333333334,0.6975184488828855,-0.11418511554955213,0.9583333333333334,0.9583333333333334,0.0,0.9472222222222222,0.9472222222222222,0.0
heart_phase1_checkpoint,heart,100,42,0,pca,4,fold_local_quantum_matched,vqc,angle,1.0,ideal,rbf_svm,0.5,0.6,-0.09999999999999998,0.48484848484848486,0.606060606060606,-0.1212121212121211,0.42857142857142855,0.5454545454545454,-0.11688311688311687,0.3333333333333333,0.6666666666666666,-0.3333333333333333,0.6363636363636364,0.5454545454545454,0.09090909090909094,0.375,0.6,-0.22499999999999998,-0.0316069770620507,0.21212121212121213,-0.24372818918326283,0.505050505050505,0.5858585858585859,-0.08080808080808088,0.45445665445665445,0.5661425052033927,-0.11168585074673826
heart_phase1_checkpoint,heart,100,42,0,pca,4,fold_local_quantum_matched,vqc,angle,1.0,ideal,linear_svm,0.5,0.6,-0.09999999999999998,0.48484848484848486,0.606060606060606,-0.1212121212121211,0.42857142857142855,0.5454545454545454,-0.11688311688311687,0.3333333333333333,0.6666666666666666,-0.3333333333333333,0.6363636363636364,0.5454545454545454,0.09090909090909094,0.375,0.6,-0.22499999999999998,-0.0316069770620507,0.21212121212121213,-0.24372818918326283,0.505050505050505,0.6666666666666666,-0.16161616161616166,0.45445665445665445,0.6840743134860783,-0.22961765902942383
heart_phase1_checkpoint,heart,100,42,0,pca,4,fold_local_quantum_matched,vqc,angle,1.0,ideal,logistic_regression,0.5,0.6,-0.09999999999999998,0.48484848484848486,0.606060606060606,-0.1212121212121211,0.42857142857142855,0.5454545454545454,-0.11688311688311687,0.3333333333333333,0.6666666666666666,-0.3333333333333333,0.6363636363636364,0.5454545454545454,0.09090909090909094,0.375,0.6,-0.22499999999999998,-0.0316069770620507,0.21212121212121213,-0.24372818918326283,0.505050505050505,0.707070707070707,-0.202020202020202,0.45445665445665445,0.7400404606286959,-0.28558380617204143
heart_phase1_checkpoint,heart,100,42,0,pca,4,fold_local_quantum_matched,vqc,angle,1.0,ideal,random_forest,0.5,0.55,-0.050000000000000044,0.48484848484848486,0.5505050505050505,-0.06565656565656564,0.42857142857142855,0.5,-0.07142857142857145,0.3333333333333333,0.5555555555555556,-0.22222222222222227,0.6363636363636364,0.5454545454545454,0.09090909090909094,0.375,0.5263157894736842,-0.15131578947368418,-0.0316069770620507,0.10050378152592121,-0.13211075858797192,0.505050505050505,0.5656565656565656,-0.06060606060606066,0.45445665445665445,0.5555555555555555,-0.10109890109890102
wdbc_feature_kernel_checkpoint,wdbc,100,42,0,mutual_info,6,fold_local_quantum_matched,qksvm,iqp,,ideal,logistic_regression,0.85,0.8,0.04999999999999993,0.8333333333333333,0.7916666666666667,0.04166666666666652,0.8571428571428571,0.75,0.1071428571428571,0.75,0.75,0.0,0.9166666666666666,0.8333333333333334,0.08333333333333326,0.8,0.75,0.050000000000000044,0.6847367880174606,0.5833333333333334,0.10140345468412726,0.9583333333333334,0.9479166666666667,0.01041666666666663,0.9472222222222222,0.9381313131313131,0.009090909090909038
wdbc_feature_kernel_checkpoint,wdbc,100,42,0,mutual_info,6,fold_local_quantum_matched,qksvm,iqp,,ideal,linear_svm,0.85,0.8,0.04999999999999993,0.8333333333333333,0.7916666666666667,0.04166666666666652,0.8571428571428571,0.75,0.1071428571428571,0.75,0.75,0.0,0.9166666666666666,0.8333333333333334,0.08333333333333326,0.8,0.75,0.050000000000000044,0.6847367880174606,0.5833333333333334,0.10140345468412726,0.9583333333333334,0.9583333333333334,0.0,0.9472222222222222,0.9472222222222222,0.0
wdbc_feature_kernel_checkpoint,wdbc,100,42,0,mutual_info,6,fold_local_quantum_matched,qksvm,iqp,,ideal,rbf_svm,0.85,0.8,0.04999999999999993,0.8333333333333333,0.7916666666666667,0.04166666666666652,0.8571428571428571,0.75,0.1071428571428571,0.75,0.75,0.0,0.9166666666666666,0.8333333333333334,0.08333333333333326,0.8,0.75,0.050000000000000044,0.6847367880174606,0.5833333333333334,0.10140345468412726,0.9583333333333334,0.9583333333333334,0.0,0.9472222222222222,0.9472222222222222,0.0
wdbc_feature_kernel_checkpoint,wdbc,100,42,0,mutual_info,6,fold_local_quantum_matched,qksvm,iqp,,ideal,random_forest,0.85,0.85,0.0,0.8333333333333333,0.8541666666666667,-0.02083333333333348,0.8571428571428571,0.7777777777777778,0.0793650793650793,0.75,0.875,-0.125,0.9166666666666666,0.8333333333333334,0.08333333333333326,0.8,0.8235294117647058,-0.0235294117647058,0.6847367880174606,0.6975184488828855,-0.012781660865424871,0.9583333333333334,0.9583333333333333,1.1102230246251565e-16,0.9472222222222222,0.9472222222222222,0.0
heart_phase1_checkpoint,heart,50,42,0,pca,4,fold_local_quantum_matched,vqc,angle,1.0,ideal,random_forest,0.8,0.6,0.20000000000000007,0.8,0.6,0.20000000000000007,1.0,0.6,0.4,0.6,0.6,0.0,1.0,0.6,0.4,0.75,0.6,0.15000000000000002,0.6546536707079772,0.2,0.4546536707079772,0.8400000000000001,0.76,0.08000000000000007,0.911111111111111,0.8444444444444443,0.06666666666666665
heart_phase1_checkpoint,heart,50,42,0,pca,4,fold_local_quantum_matched,vqc,angle,1.0,ideal,linear_svm,0.8,0.8,0.0,0.8,0.8,0.0,1.0,0.8,0.19999999999999996,0.6,0.8,-0.20000000000000007,1.0,0.8,0.19999999999999996,0.75,0.8,-0.050000000000000044,0.6546536707079772,0.6,0.05465367070797722,0.8400000000000001,0.8400000000000001,0.0,0.911111111111111,0.8528571428571428,0.058253968253968225
heart_phase1_checkpoint,heart,50,42,0,pca,4,fold_local_quantum_matched,vqc,angle,1.0,ideal,logistic_regression,0.8,0.6,0.20000000000000007,0.8,0.6,0.20000000000000007,1.0,0.6,0.4,0.6,0.6,0.0,1.0,0.6,0.4,0.75,0.6,0.15000000000000002,0.6546536707079772,0.2,0.4546536707079772,0.8400000000000001,0.76,0.08000000000000007,0.911111111111111,0.8083333333333333,0.10277777777777763
heart_phase1_checkpoint,heart,50,42,0,pca,4,fold_local_quantum_matched,vqc,angle,1.0,ideal,rbf_svm,0.8,0.8,0.0,0.8,0.8,0.0,1.0,0.8,0.19999999999999996,0.6,0.8,-0.20000000000000007,1.0,0.8,0.19999999999999996,0.75,0.8,-0.050000000000000044,0.6546536707079772,0.6,0.05465367070797722,0.8400000000000001,0.8400000000000001,0.0,0.911111111111111,0.81,0.10111111111111093
wdbc_feature_kernel_checkpoint,wdbc,100,42,0,pca,8,fold_local_quantum_matched,qksvm,angle,,ideal,logistic_regression,0.85,0.9,-0.050000000000000044,0.8333333333333333,0.8958333333333333,-0.0625,0.8571428571428571,0.875,-0.017857142857142905,0.75,0.875,-0.125,0.9166666666666666,0.9166666666666666,0.0,0.8,0.875,-0.07499999999999996,0.6847367880174606,0.7916666666666666,-0.106929878649206,0.9166666666666667,0.9583333333333334,-0.04166666666666663,0.9129464285714286,0.9583333333333333,-0.045386904761904656
wdbc_feature_kernel_checkpoint,wdbc,100,42,0,pca,8,fold_local_quantum_matched,qksvm,angle,,ideal,random_forest,0.85,0.9,-0.050000000000000044,0.8333333333333333,0.8958333333333333,-0.0625,0.8571428571428571,0.875,-0.017857142857142905,0.75,0.875,-0.125,0.9166666666666666,0.9166666666666666,0.0,0.8,0.875,-0.07499999999999996,0.6847367880174606,0.7916666666666666,-0.106929878649206,0.9166666666666667,0.96875,-0.05208333333333326,0.9129464285714286,0.959375,-0.046428571428571375
wdbc_feature_kernel_checkpoint,wdbc,100,42,0,pca,8,fold_local_quantum_matched,qksvm,angle,,ideal,linear_svm,0.85,0.9,-0.050000000000000044,0.8333333333333333,0.875,-0.04166666666666674,0.8571428571428571,1.0,-0.1428571428571429,0.75,0.75,0.0,0.9166666666666666,1.0,-0.08333333333333337,0.8,0.8571428571428571,-0.05714285714285705,0.6847367880174606,0.8017837257372732,-0.11704693771981256,0.9166666666666667,0.9791666666666666,-0.06249999999999989,0.9129464285714286,0.9704861111111112,-0.05753968253968256
wdbc_feature_kernel_checkpoint,wdbc,100,42,0,pca,8,fold_local_quantum_matched,qksvm,angle,,ideal,rbf_svm,0.85,0.95,-0.09999999999999998,0.8333333333333333,0.9375,-0.10416666666666674,0.8571428571428571,1.0,-0.1428571428571429,0.75,0.875,-0.125,0.9166666666666666,1.0,-0.08333333333333337,0.8,0.9333333333333333,-0.1333333333333333,0.6847367880174606,0.898717034272917,-0.21398024625545642,0.9166666666666667,0.9791666666666667,-0.0625,0.9129464285714286,0.975,-0.062053571428571375
smoke,iris,full,42,0,pca,2,fold_local_quantum_matched,vqc,angle,1.0,ideal,rbf_svm,0.48,1.0,-0.52,0.48,1.0,-0.52,0.48148148148148145,1.0,-0.5185185185185186,0.52,1.0,-0.48,0.44,1.0,-0.56,0.5,1.0,-0.5,-0.0401286176952564,1.0,-1.0401286176952564,0.5391999999999999,1.0,-0.4608000000000001,0.5570570460702033,1.0,-0.44294295392979666
smoke,iris,full,42,0,pca,2,fold_local_quantum_matched,vqc,angle,1.0,ideal,logistic_regression,0.48,1.0,-0.52,0.48,1.0,-0.52,0.48148148148148145,1.0,-0.5185185185185186,0.52,1.0,-0.48,0.44,1.0,-0.56,0.5,1.0,-0.5,-0.0401286176952564,1.0,-1.0401286176952564,0.5391999999999999,1.0,-0.4608000000000001,0.5570570460702033,1.0,-0.44294295392979666
smoke,iris,full,42,0,pca,2,fold_local_quantum_matched,vqc,angle,1.0,ideal,random_forest,0.48,1.0,-0.52,0.48,1.0,-0.52,0.48148148148148145,1.0,-0.5185185185185186,0.52,1.0,-0.48,0.44,1.0,-0.56,0.5,1.0,-0.5,-0.0401286176952564,1.0,-1.0401286176952564,0.5391999999999999,1.0,-0.4608000000000001,0.5570570460702033,1.0,-0.44294295392979666
smoke,iris,full,42,0,pca,2,fold_local_quantum_matched,vqc,angle,1.0,ideal,linear_svm,0.48,1.0,-0.52,0.48,1.0,-0.52,0.48148148148148145,1.0,-0.5185185185185186,0.52,1.0,-0.48,0.44,1.0,-0.56,0.5,1.0,-0.5,-0.0401286176952564,1.0,-1.0401286176952564,0.5391999999999999,1.0,-0.4608000000000001,0.5570570460702033,1.0,-0.44294295392979666
wdbc_phase1_checkpoint,wdbc,200,42,0,pca,4,fold_local_quantum_matched,vqc,angle,1.0,ideal,logistic_regression,0.55,0.925,-0.375,0.48,0.9,-0.42000000000000004,0.3333333333333333,1.0,-0.6666666666666667,0.2,0.8,-0.6000000000000001,0.76,1.0,-0.24,0.25,0.8888888888888888,-0.6388888888888888,-0.046373889576016826,0.8451542547285166,-0.8915281443045334,0.5760000000000001,0.976,-0.3999999999999999,0.4657950431634642,0.975,-0.5092049568365358
wdbc_phase1_checkpoint,wdbc,200,42,0,pca,4,fold_local_quantum_matched,vqc,angle,1.0,ideal,linear_svm,0.55,0.95,-0.3999999999999999,0.48,0.9333333333333333,-0.45333333333333337,0.3333333333333333,1.0,-0.6666666666666667,0.2,0.8666666666666667,-0.6666666666666667,0.76,1.0,-0.24,0.25,0.9285714285714286,-0.6785714285714286,-0.046373889576016826,0.8958064164776166,-0.9421803060536335,0.5760000000000001,0.9973333333333333,-0.4213333333333332,0.4657950431634642,0.9958333333333333,-0.5300382901698691
wdbc_phase1_checkpoint,wdbc,200,42,0,pca,4,fold_local_quantum_matched,vqc,angle,1.0,ideal,rbf_svm,0.55,0.95,-0.3999999999999999,0.48,0.9333333333333333,-0.45333333333333337,0.3333333333333333,1.0,-0.6666666666666667,0.2,0.8666666666666667,-0.6666666666666667,0.76,1.0,-0.24,0.25,0.9285714285714286,-0.6785714285714286,-0.046373889576016826,0.8958064164776166,-0.9421803060536335,0.5760000000000001,1.0,-0.42399999999999993,0.4657950431634642,1.0,-0.5342049568365358
wdbc_phase1_checkpoint,wdbc,200,42,0,pca,4,fold_local_quantum_matched,vqc,angle,1.0,ideal,random_forest,0.55,0.925,-0.375,0.48,0.9,-0.42000000000000004,0.3333333333333333,1.0,-0.6666666666666667,0.2,0.8,-0.6000000000000001,0.76,1.0,-0.24,0.25,0.8888888888888888,-0.6388888888888888,-0.046373889576016826,0.8451542547285166,-0.8915281443045334,0.5760000000000001,0.992,-0.4159999999999999,0.4657950431634642,0.9888888888888889,-0.5230938457254247
wdbc_phase1_checkpoint,wdbc,100,42,0,pca,4,fold_local_quantum_matched,vqc,angle,1.0,ideal,logistic_regression,0.5,0.9,-0.4,0.4166666666666667,0.8958333333333333,-0.4791666666666666,0.0,0.875,-0.875,0.0,0.875,-0.875,0.8333333333333334,0.9166666666666666,-0.08333333333333326,0.0,0.875,-0.875,-0.2721655269759087,0.7916666666666666,-1.0638321936425754,0.46875,0.96875,-0.5,0.3924877297410192,0.959375,-0.5668872702589808
wdbc_phase1_checkpoint,wdbc,100,42,0,pca,4,fold_local_quantum_matched,vqc,angle,1.0,ideal,rbf_svm,0.5,0.9,-0.4,0.4166666666666667,0.8958333333333333,-0.4791666666666666,0.0,0.875,-0.875,0.0,0.875,-0.875,0.8333333333333334,0.9166666666666666,-0.08333333333333326,0.0,0.875,-0.875,-0.2721655269759087,0.7916666666666666,-1.0638321936425754,0.46875,0.9791666666666666,-0.5104166666666666,0.3924877297410192,0.9704861111111112,-0.577998381370092
wdbc_phase1_checkpoint,wdbc,100,42,0,pca,4,fold_local_quantum_matched,vqc,angle,1.0,ideal,linear_svm,0.5,0.9,-0.4,0.4166666666666667,0.9166666666666667,-0.5,0.0,0.8,-0.8,0.0,1.0,-1.0,0.8333333333333334,0.8333333333333334,0.0,0.0,0.8888888888888888,-0.8888888888888888,-0.2721655269759087,0.816496580927726,-1.0886621079036347,0.46875,0.9583333333333334,-0.48958333333333337,0.3924877297410192,0.9472222222222222,-0.554734492481203
wdbc_phase1_checkpoint,wdbc,100,42,0,pca,4,fold_local_quantum_matched,vqc,angle,1.0,ideal,random_forest,0.5,0.85,-0.35,0.4166666666666667,0.8541666666666667,-0.43750000000000006,0.0,0.7777777777777778,-0.7777777777777778,0.0,0.875,-0.875,0.8333333333333334,0.8333333333333334,0.0,0.0,0.8235294117647058,-0.8235294117647058,-0.2721655269759087,0.6975184488828855,-0.9696839758587942,0.46875,0.96875,-0.5,0.3924877297410192,0.959375,-0.5668872702589808
wdbc_feature_kernel_checkpoint,wdbc,100,42,0,pca,4,fold_local_quantum_matched,qksvm,angle,,ideal,random_forest,0.9,0.85,0.050000000000000044,0.8958333333333333,0.8541666666666667,0.04166666666666652,0.875,0.7777777777777778,0.09722222222222221,0.875,0.875,0.0,0.9166666666666666,0.8333333333333334,0.08333333333333326,0.875,0.8235294117647058,0.05147058823529416,0.7916666666666666,0.6975184488828855,0.09414821778378113,0.9895833333333333,0.96875,0.02083333333333326,0.9861111111111112,0.959375,0.026736111111111183
wdbc_feature_kernel_checkpoint,wdbc,100,42,0,pca,4,fold_local_quantum_matched,qksvm,angle,,ideal,rbf_svm,0.9,0.9,0.0,0.8958333333333333,0.8958333333333333,0.0,0.875,0.875,0.0,0.875,0.875,0.0,0.9166666666666666,0.9166666666666666,0.0,0.875,0.875,0.0,0.7916666666666666,0.7916666666666666,0.0,0.9895833333333333,0.9791666666666666,0.01041666666666663,0.9861111111111112,0.9704861111111112,0.015625
wdbc_feature_kernel_checkpoint,wdbc,100,42,0,pca,4,fold_local_quantum_matched,qksvm,angle,,ideal,logistic_regression,0.9,0.9,0.0,0.8958333333333333,0.8958333333333333,0.0,0.875,0.875,0.0,0.875,0.875,0.0,0.9166666666666666,0.9166666666666666,0.0,0.875,0.875,0.0,0.7916666666666666,0.7916666666666666,0.0,0.9895833333333333,0.96875,0.02083333333333326,0.9861111111111112,0.959375,0.026736111111111183
wdbc_feature_kernel_checkpoint,wdbc,100,42,0,pca,4,fold_local_quantum_matched,qksvm,angle,,ideal,linear_svm,0.9,0.9,0.0,0.8958333333333333,0.9166666666666667,-0.02083333333333348,0.875,0.8,0.07499999999999996,0.875,1.0,-0.125,0.9166666666666666,0.8333333333333334,0.08333333333333326,0.875,0.8888888888888888,-0.01388888888888884,0.7916666666666666,0.816496580927726,-0.024829914261059405,0.9895833333333333,0.9583333333333334,0.03124999999999989,0.9861111111111112,0.9472222222222222,0.03888888888888897
wdbc_feature_kernel_checkpoint,wdbc,100,42,0,pca,6,fold_local_quantum_matched,qksvm,angle,,ideal,random_forest,0.9,0.85,0.050000000000000044,0.875,0.8541666666666667,0.02083333333333326,1.0,0.7777777777777778,0.2222222222222222,0.75,0.875,-0.125,1.0,0.8333333333333334,0.16666666666666663,0.8571428571428571,0.8235294117647058,0.03361344537815125,0.8017837257372732,0.6975184488828855,0.10426527685438769,0.9375,0.96875,-0.03125,0.928409090909091,0.959375,-0.030965909090909016
wdbc_feature_kernel_checkpoint,wdbc,100,42,0,pca,6,fold_local_quantum_matched,qksvm,angle,,ideal,rbf_svm,0.9,0.85,0.050000000000000044,0.875,0.8125,0.0625,1.0,1.0,0.0,0.75,0.625,0.125,1.0,1.0,0.0,0.8571428571428571,0.7692307692307693,0.08791208791208782,0.8017837257372732,0.7071067811865475,0.09467694455072573,0.9375,1.0,-0.0625,0.928409090909091,1.0,-0.07159090909090904
wdbc_feature_kernel_checkpoint,wdbc,100,42,0,pca,6,fold_local_quantum_matched,qksvm,angle,,ideal,logistic_regression,0.9,0.9,0.0,0.875,0.875,0.0,1.0,1.0,0.0,0.75,0.75,0.0,1.0,1.0,0.0,0.8571428571428571,0.8571428571428571,0.0,0.8017837257372732,0.8017837257372732,0.0,0.9375,0.96875,-0.03125,0.928409090909091,0.9659090909090909,-0.03749999999999998
wdbc_feature_kernel_checkpoint,wdbc,100,42,0,pca,6,fold_local_quantum_matched,qksvm,angle,,ideal,linear_svm,0.9,0.9,0.0,0.875,0.875,0.0,1.0,1.0,0.0,0.75,0.75,0.0,1.0,1.0,0.0,0.8571428571428571,0.8571428571428571,0.0,0.8017837257372732,0.8017837257372732,0.0,0.9375,0.96875,-0.03125,0.928409090909091,0.959375,-0.030965909090909016
wdbc_feature_kernel_checkpoint,wdbc,100,42,0,mutual_info,4,fold_local_quantum_matched,qksvm,iqp,,ideal,linear_svm,0.8,0.8,0.0,0.7916666666666667,0.7916666666666667,0.0,0.75,0.75,0.0,0.75,0.75,0.0,0.8333333333333334,0.8333333333333334,0.0,0.75,0.75,0.0,0.5833333333333334,0.5833333333333334,0.0,0.8125,0.9583333333333334,-0.14583333333333337,0.6904761904761906,0.9472222222222222,-0.2567460317460316
wdbc_feature_kernel_checkpoint,wdbc,100,42,0,mutual_info,4,fold_local_quantum_matched,qksvm,iqp,,ideal,rbf_svm,0.8,0.8,0.0,0.7916666666666667,0.7916666666666667,0.0,0.75,0.75,0.0,0.75,0.75,0.0,0.8333333333333334,0.8333333333333334,0.0,0.75,0.75,0.0,0.5833333333333334,0.5833333333333334,0.0,0.8125,0.9583333333333334,-0.14583333333333337,0.6904761904761906,0.9472222222222222,-0.2567460317460316
wdbc_feature_kernel_checkpoint,wdbc,100,42,0,mutual_info,4,fold_local_quantum_matched,qksvm,iqp,,ideal,logistic_regression,0.8,0.8,0.0,0.7916666666666667,0.7916666666666667,0.0,0.75,0.75,0.0,0.75,0.75,0.0,0.8333333333333334,0.8333333333333334,0.0,0.75,0.75,0.0,0.5833333333333334,0.5833333333333334,0.0,0.8125,0.9479166666666667,-0.13541666666666674,0.6904761904761906,0.9381313131313131,-0.24765512265512257
wdbc_feature_kernel_checkpoint,wdbc,100,42,0,mutual_info,4,fold_local_quantum_matched,qksvm,iqp,,ideal,random_forest,0.8,0.85,-0.04999999999999993,0.7916666666666667,0.8541666666666667,-0.0625,0.75,0.7777777777777778,-0.02777777777777779,0.75,0.875,-0.125,0.8333333333333334,0.8333333333333334,0.0,0.75,0.8235294117647058,-0.07352941176470584,0.5833333333333334,0.6975184488828855,-0.11418511554955213,0.8125,0.9583333333333334,-0.14583333333333337,0.6904761904761906,0.9472222222222222,-0.2567460317460316
