"Citation","Research question","Dataset","Medical task","Preprocessing","QML model","Encoding","Circuit","Backend","Classical baselines","Validation","Metrics","Main result","Claimed advantage","Evidence quality","Limitations","Reproducibility","Authors claim","Experiments demonstrate","Our interpretation","Quantum advantage established"
"Schuld, M. (2021; updated 2026). Kernel-based training of quantum models with scikit-learn. PennyLane Demo. https://pennylane.ai/demos/tutorial_kernel_based_training","How do kernel and variational training differ in circuit-evaluation cost?","Binary Iris; 100 samples; 4 features","None; tutorial sanity task","StandardScaler fitted before the tutorial split","Quantum-kernel SVC and variational circuit","Angle embedding","4 qubits; two strongly-entangling VQC layers in the comparison","Lightning simulator; analytic","scikit-learn SVC and conceptual neural-network evaluation count","Single train/test split","Accuracy and circuit executions","Both methods solve the easy split; kernel uses far fewer executions in the shown parameter-shift setup","Kernel training can be practical when the variational parameter count is not much smaller than sample count","Moderate for instruction; weak for comparative performance","Toy data; preprocessing leakage in tutorial ordering; different objectives; one split; no noise or hardware","Downloadable code and notebook","Kernel methods may require fewer circuit evaluations than parameter-shift VQCs with many parameters","A correct small-scale implementation and an evaluation-count comparison","Reproduce mechanics, correct leakage for our benchmark, and reject perfect Iris accuracy as medical or advantage evidence","No"
"Qiskit Machine Learning (2026). Quantum Kernel Machine Learning tutorial, v0.9.1. https://qiskit-community.github.io/qiskit-machine-learning/tutorials/03_quantum_kernel.html","How are fidelity quantum kernels used for classification and clustering?","Synthetic/ad-hoc tutorial datasets","None","Tutorial-specific scaling and generated data","FidelityQuantumKernel, QSVC and related kernel workflows","ZZ-style quantum feature maps","Small simulator-compatible circuits","Qiskit statevector/sampler interfaces","Classical SVC/kernel consumers","Tutorial examples, not a medical validation protocol","Tutorial accuracy and kernel matrices","Shows the software path from quantum fidelity evaluation to kernel estimators","No empirical medical advantage claim is established","Moderate for API practice; weak for efficacy","Synthetic data; software demonstration; results depend on feature map/backend","Official executable documentation","Quantum kernels integrate with standard kernel algorithms","Working integration on small examples","Use as an independent implementation cross-check, not as outcome evidence","No"
"Qiskit Machine Learning (2026). VQC API documentation, v0.9.1. https://qiskit-community.github.io/qiskit-machine-learning/stubs/qiskit_machine_learning.algorithms.VQC.html","What estimator, optimizer, feature-map and ansatz interfaces define a VQC?","No fixed dataset; API reference","None","User supplied","Variational Quantum Classifier","User supplied feature map","User supplied ansatz and sampler QNN","Sampler primitive/backend dependent","Not applicable","Not applicable","API behavior, fit/predict contracts and callback support","None; documentation does not establish performance","Strong for interface facts; not efficacy evidence","No controlled experiment or biomedical dataset","Official versioned documentation","VQC is a trainable classifier composed from feature-map and ansatz circuits","Only the supported software interface","Use to cross-check terminology and expected estimator behavior","No"
"Gupta, R.S., Wood, C.E., Engstrom, T., Pole, J.D., Shrapnel, S. et al. (2025). A systematic review of QML for digital health. npj Digital Medicine 8, 237. https://doi.org/10.1038/s41746-025-01597-z","Does digital-health QML outperform classical methods in efficacy or efficiency?","4915 screened records; 169 eligible before rigor exclusions; heterogeneous health datasets","Clinical decision support and health-service tasks","Heterogeneous; reviewed for data loading and scalability","Multiple QML families","Multiple","Multiple","Mostly ideal simulation; only 16 studies used hardware or noisy simulation","Varied and often weak","Systematic PRISMA-style review","Reported performance and evidence-strength assessment","The literature does not show a consistent trend supporting empirical quantum utility","Strong","Heterogeneous studies prevent pooled efficacy conclusions; many studies excluded for insufficient rigor","Search strategy and review protocol reported","Current evidence cannot conclusively establish QML utility in digital health","A rigor gap, ideal-simulator dominance, and no consistent performance advantage","This is the main evidence standard for rejecting inflated health and advantage claims","No"
"Leither, S., Lubinski, T., Kubal, M., Johri, S. (2026). Benchmarking Quantum and Classical Machine Learning Models on Oncological Data. arXiv:2608.11373v1. https://arxiv.org/abs/2608.11373","Can fair benchmarking find practical QML advantage across oncological modalities?","WDBC plus omics and spatial oncology datasets","Cancer diagnosis/classification","Multiple documented preprocessing approaches","Parameterized QML models with resource estimation","Bit-based/data-encoding variants","Resource-estimated parameterized circuits","Classical simulation/resource estimation","AutoML-optimized classical neural networks","Matched benchmarking with statistical analysis","Predictive performance and quantum resources","Finds no evidence of quantum advantage across tested tabular, omics and spatial tasks","Calls for higher-dimensional, biologically realistic benchmarks","Moderate","Very recent preprint; simulation/resource estimates; application and preprocessing heterogeneity","Red Cedar framework and methods described","No advantage appears on common oncology benchmarks","A serious matched comparison where optimized classical models remain competitive","Directly motivates our full-feature baselines and conservative WDBC claims","No"
"Singh, G., Jin, H., Merz, K.M. Jr. (2026). Benchmarking MedMNIST dataset on real quantum hardware. Scientific Reports 16, 9017. https://doi.org/10.1038/s41598-026-35605-3","Can device-aware QML inference operate across medical-image benchmarks on real hardware?","Eight MedMNIST 2D datasets; full training sets and bounded hardware test subsets","Medical image classification","Aggressive image dimensionality reduction for circuit-compatible features","Hardware-aware variational QML","Parameterized rotation encoding","Device-aware shallow circuits; 4-7 qubit reported examples; up to 120 parameters","Noiseless TorchQuantum training; IBM Cleveland 127-qubit hardware inference","Published MedMNIST benchmark references rather than a broad retuned classical study","Original benchmark splits; limited repeated trials for selected datasets","Accuracy and AUC plus circuit resources","Hardware noise degrades some tasks; suppression/mitigation recovers part of the loss","Shows feasibility of frozen real-hardware inference","Moderate","Training is simulator/GPU based; no repeated CV; selected circuits/models; reduced images; hardware access limits repeats","Public code and MedMNIST data","Device-aware circuits and mitigation make real-hardware medical inference feasible","A valuable hardware/noise feasibility benchmark, not end-to-end training speedup","Use only as Phase 2 frozen-inference precedent; do not import image scope into Phase 1","No"
"Schuld, M., Killoran, N. (2019). Quantum Machine Learning in Feature Hilbert Spaces. Physical Review Letters 122, 040504. https://doi.org/10.1103/PhysRevLett.122.040504","How does quantum data encoding define feature spaces for kernel and variational learning?","Illustrative two-dimensional mini-benchmarks","None","Illustrative normalization","Quantum kernel and variational linear model","Quantum state feature maps","Conceptual continuous-variable and circuit models","Theory and small simulation","Kernel-method analogues","Illustrative experiments","Decision boundaries and theoretical construction","Quantum devices may evaluate feature-space inner products that are hard classically","Strong foundational theory; weak application evidence","Potential advantage requires a classically hard feature map and useful data alignment","Paper is complete; examples are conceptual","Quantum feature spaces offer a path to learning advantages","A formal kernel/variational connection and illustrative behavior","Angle embedding alone is not evidence that our small biomedical kernel is classically hard","No"
"Havlicek, V. et al. (2019). Supervised learning with quantum-enhanced feature spaces. Nature 567, 209-212. https://doi.org/10.1038/s41586-019-0980-2","Can an engineered quantum feature space support supervised classification on hardware?","Purpose-built synthetic classification data","None","Problem-specific feature construction","Quantum kernel estimator and variational classifier","IQP-inspired nonlinear feature map","Small superconducting-processor circuits","Simulator and superconducting quantum processor","Classical SVM optimization","Small controlled demonstration","Classification performance and kernel estimates","Provides an experimental path toward quantum-enhanced feature spaces","Possible path, not general empirical advantage on natural data","Strong foundational experiment","Synthetic data selected for feature-map structure; small scale; not biomedical","Methods and circuits reported","Quantum feature maps can be executed for supervised learning","Hardware feasibility on a constructed task","IQP is a useful controlled secondary map, not proof of benefit on WDBC or Heart Disease","No"
"McClean, J.R., Boixo, S., Smelyanskiy, V.N., Babbush, R., Neven, H. (2018). Barren plateaus in quantum neural network training landscapes. Nature Communications 9, 4812. https://doi.org/10.1038/s41467-018-07090-4","When do random parameterized circuits become untrainable?","Synthetic random circuits and analytical ensembles","None","Not applicable","Parameterized quantum circuits","Random circuit parameters","Increasing qubits/depth; approximate two-design regimes","Analytical and numerical simulation","Not applicable","Theory plus numerical verification","Gradient variance","Gradient signals can vanish exponentially for broad random-circuit regimes","Deep/random ansatz training may be impractical","Strong","Theory is not a direct prediction for every shallow task-specific VQC","Open-access methods","Barren plateaus are a fundamental trainability risk","Vanishing gradients occur under specified circuit/cost assumptions","Keep VQCs shallow, seeded and convergence-audited; a failed run is evidence, not clutter","No"
"Schuld, M., Sweke, R., Meyer, J.J. (2021). Effect of data encoding on the expressive power of variational QML models. Physical Review A 103, 032430. https://doi.org/10.1103/PhysRevA.103.032430","How does data encoding determine a quantum model's learnable function class?","Analytical examples","None","Not applicable","Variational quantum models","Repeated angle/data re-uploading encodings","Parameterized circuits analyzed as Fourier series","Theory and small demonstrations","Not applicable","Analytical derivation","Accessible frequencies depend on encoding gates and repetitions","Repeated encoding can enrich expressivity","Strong foundational theory","Expressivity/universality does not imply trainability, generalization or advantage","Open-access manuscript and PennyLane companion demo","Encoding architecture controls function expressivity","Fourier-spectrum characterization","Feature-map choice must be controlled; more expressive circuits are not automatically better","No"
"Huang, H.-Y. et al. (2021). Power of data in quantum machine learning. Nature Communications 12, 2631. https://doi.org/10.1038/s41467-021-22539-9","When can classical data eliminate or preserve a quantum learning advantage?","Constructed classical and quantum learning problems; numerical examples","None","Problem-specific embeddings","Quantum and projected quantum kernels","Several quantum embeddings","Kernel circuits at varying system sizes","Theory and simulation","Classical kernel methods","Theoretical bounds and numerical comparisons","Prediction error and geometric/kernel measures","Classical learners can use training data to match many quantum models; advantage requires special structure","Defines conditions rather than a generic practical advantage","Strong","Constructed tasks and theory do not guarantee biomedical utility","Open-access article","Training data changes the apparent classical-versus-quantum separation","Many candidate quantum kernels have effective classical competitors","Strong classical baselines and data alignment are mandatory","No general biomedical advantage"
"Caro, M.C. et al. (2022). Generalization in quantum machine learning from few training data. Nature Communications 13, 4919. https://doi.org/10.1038/s41467-022-32550-3","How does QML generalization scale with trainable gates and samples?","Analytical learning settings plus quantum-state numerical tasks","None","Not applicable","General variational QML models","General parameterized circuits","T trainable local gates; multiple architectures","Theory and numerical simulation","Complexity-bound comparison","Generalization bounds and numerical examples","Generalization error is bounded in terms of changed/trainable gates and sample count","Few training samples can suffice for efficiently parameterized models under assumptions","Strong theory","Bounds are not accuracy guarantees and do not show classical-data advantage","Open-access proofs and supplement","Efficient QML models can generalize from polynomially many examples","Formal worst-case bounds under defined assumptions","Parameter count is relevant but cannot substitute for matched empirical validation or execution cost","No"
"Thanasilp, S., Wang, S., Cerezo, M., Holmes, Z. et al. (2024). Exponential concentration in quantum kernel methods. Nature Communications 15, 5200. https://doi.org/10.1038/s41467-024-49287-w","When do quantum kernels concentrate and become untrainable?","Analytical ensembles and numerical kernel examples","None","Not applicable","Quantum kernel methods","Global/local and data-dependent embeddings","Multiple scalable circuit families","Theory and simulation","Classical estimation considerations","Analytical concentration bounds and numerics","Kernel values can concentrate exponentially from expressivity, entanglement, noise or global measurements","Warns that convex kernel training does not ensure an informative kernel","Strong","Asymptotic results do not predict every 2-8-qubit case","Open-access proofs","Kernel concentration can erase learnable distinctions","Specific mechanisms and concentration bounds","Measure Gram quality and feature-count/noise sensitivity instead of assuming larger Hilbert spaces help","No"
"Bowles, J., Ahmed, S., Schuld, M. (2024; revised 2026). Better than classical? The subtle art of benchmarking QML models. arXiv:2403.07059. https://arxiv.org/abs/2403.07059","Which experimental-design choices make QML benchmarking credible?","Six binary task families yielding 160 datasets","None","Controlled generation plus dimension/difficulty sweeps","12 common QML models including QNN and kernel families","Multiple including IQP and separable maps","Model-specific shallow circuits","Classical simulation","SVC, MLP and other out-of-box classical models","Systematic benchmark and hyperparameter studies","Accuracy rankings across datasets/configurations","Classical models usually outperform; removing entanglement is often neutral or helpful","Challenges common quantum-outperformance narratives","Strong for benchmarking design","Mostly synthetic/downscaled tasks; simulator scale; not clinical","Open-source PennyLane benchmark package","Fair design often reverses optimistic QML narratives","Classical models lead on the tested tasks and entanglement is not reliably beneficial","Adopt matched folds, broad baselines, raw failures and no cherry-picking","No"
"Verdone, A., Succetti, F., Ceschini, A., Rosato, A., Fioravanti, A., Panella, M. (2026). A hybrid quantum-neural network for heart disease classification. Biomedical Signal Processing and Control 113, 109185. https://doi.org/10.1016/j.bspc.2025.109185","Can an autoencoder-plus-QNN classify Cleveland Heart Disease competitively?","UCI Cleveland Heart Disease; 303 records; 13 source features","Heart-disease presence classification","Classical autoencoder dimensionality reduction","Hybrid quantum neural network","Reduced latent features into a variational circuit","NISQ-compatible QNN with classically learned compression","Ideal/noisy IBM-framework simulation","Reported classical neural and tree baselines","Fixed train/test experiments and noise robustness analysis","Accuracy and related classification measures","Reports accuracy up to 90.98% and improvement over selected classical counterparts","Immediate healthcare applicability is suggested","Moderate","Small single-center public dataset; learned classical reduction obscures quantum contribution; limited external validation; no clinical deployment","Public code claimed and public data","Hybrid compression plus QNN is competitive on the chosen setup","A strong proof of concept under its protocol","Our simpler PCA/MI benchmark tests whether gains survive transparent fold-local reduction and broader baselines","No"
